8.430164139238565113e+00
5.169746407600140401e+02
7.200726485166807946e-03
1.848332851867913007e+02
6.054142559563507713e-03
1.722695435911048142e-03
1.012279365010843009e+02
3.972404645497344400e-01
1.002963433028253881e+01
5.887367308896476459e+01
2.158568177878728278e+01
6.712125688708716780e+02
1.931517684020527068e-03
8.797586264591068073e+01
5.515843404124883875e+01
2.091418834827313233e+01
6.943630151168853217e+02
1.165695906579164500e+02
1.346940732523205497e+02
8.973319025489581691e+01
8.003530938470549971e-01
3.767442152458718851e+02
2.695774579106458191e+02
2.060406365081312572e+02
4.084591457239829992e+02
3.528203315276423382e+02
7.058927492495105582e+01
2.418072164283428904e+01
7.982301812729879487e+00
1.698702597800106143e-03
2.267917771915526259e+01
1.057190415577258165e+02
1.776401680768704798e-03
3.016376387527002767e-01
5.743373124030232667e-03
8.838601109748867035e-01
2.133246144625661866e+00
4.312717745634667921e+00
1.054060953209080083e+02
7.448079159015811967e+01
5.966170558899702883e+02
1.366682297683366985e-02
2.523980911296114868e+02
5.564227668711583218e-03
2.058936989566960030e+00
6.860640028523308729e+02
1.693035989232782781e-03
6.435060266177755466e+02
4.901909606854259494e+01
1.741072050596313261e+02
3.618428908207960717e+02
6.416400520454085266e-01
2.774032499367814921e+02
5.974490681433691179e+02
4.290830163540378106e-02
2.629549621884674480e+02
2.106449550379728031e+00
5.923428323383503766e+02
1.020012564516403017e+02
3.435805592859967987e+02
2.963384342881960833e+02
1.706062197301592391e+02
4.963257647871059317e-03
8.140988871998202114e+01
8.942443029422813083e+01
8.884884245400657221e+01
2.537094504585543930e+01
5.881649888924335983e+02
5.298873409529548245e-02
1.691411236427724923e-02
1.705264697538588043e-03
5.998546224836761667e+02
1.932437001340263144e-03
1.625766597118784418e+01
5.685444204275891700e+00
1.340530918532960669e+01
1.698702597800106143e-03
1.698702597800106143e-03
5.499202072619075352e+02
1.135356877407160507e-02
1.792963212974013629e+02
9.746545219191196452e+01
3.893608329958746026e+02
5.177213534398430284e+02
2.192977772067056890e+02
8.481057337914153393e+00
6.764613564165458683e+02
1.016167967257719340e+02
3.038843040762236001e+02
2.919627545028151303e+02
3.119542485118430797e+00
6.601331858039902727e+02
3.464424694661388249e-01
2.144945655718771479e-03
1.024913805479825690e+00
2.131761958935995960e+00
5.603916942400860926e-03
2.956208611765518413e+02
1.016302048296719107e+01
5.315269947116992022e-02
1.848943745063771971e+01
2.444023619136858338e-01
9.235783819480500867e-01
2.091691427474719660e+02
4.344716720236013430e+02
3.150703624619644074e+02
2.328571285769708652e+02
3.862696829909080531e-02
1.793715033182566572e+02
4.840919698417154393e+01
3.481770102624137166e+02
1.713314775643540134e-03
4.995508745464250500e-01
4.354170145278044401e+02
2.455337259288181997e+02
2.501611964531537335e+00
5.739719084572586780e+02
9.954934568360584990e+00
1.939103668006930117e-03
7.172944400119848751e+02
1.470536546036921095e+02
3.715193180728293783e+02
7.034356588095228062e+02
1.050441436891047431e+02
1.414285065665335139e+02
2.534180129999998030e+02
1.932437001340263144e-03
2.884905740010126465e+02
1.583330511088798289e+02
2.550686372783701827e+01
1.868348940663011826e+00
1.705369264466772465e-03
4.083938784896921526e+00
2.830776989566958335e+00
9.342254501098057062e+01
2.372276895754888315e+01
3.714767830386777518e+02
5.281242405372672692e+02
1.835216744340879055e-03
1.111871095955104920e+02
3.650069751540221432e+02
4.269841880839795323e-01
7.165940738801730714e-02
1.706805796754991235e-03
2.807737676074618207e+02
7.721790179814602695e-01
7.118180132303480434e+01
6.702704323185393331e-01
9.859957062227073799e-01
1.005914008931137055e-01
5.636095209317497183e-03
2.943235211665194129e+01
1.902623799202200416e+02
1.623513771311653198e-01
6.803056181944692753e+02
3.188052361728761053e+00
2.444223644900660020e+00
3.832163808761175972e+01
1.832156390900940623e+00
3.447155784369290016e-02
4.110907391614271944e+01
1.927511185204906774e-01
6.170092814074108674e+02
7.078776489595089743e+02
2.855061423334780102e+02
4.433584278590477212e-01
4.582104635777317192e+00
4.354549735231313434e+02
1.207961007546399479e+01
2.445480215010952350e+02
2.486021084133505001e-03
6.137988805500855278e+02
4.467323928139150802e+00
2.355668826391240867e+00
3.134115548060161700e+02
5.293989777110994291e-03
6.778598768524382194e+02
1.683539269512560281e+02
3.580934066713176243e-03
1.369858886880985551e+02
1.934838720804103929e+01
1.870795832581167648e-02
1.699924018932846620e-03
1.698702597800106143e-03
4.543903497071812012e+02
1.501376669883277941e+02
1.932719556068315803e-03
1.088341533920689841e+02
6.945725533703728161e+02
1.717435474608029972e-03
1.145649576645503542e-02
3.205119068396094395e+00
7.460685331383419161e+00
1.436986255244707706e+02
1.182185299809404881e+02
1.932875818888887807e+02
4.756523883205098002e+01
3.525948964996254062e+02
6.484189439155729815e+02
2.039899733667677992e+02
3.138192926893977330e-01
5.644224722147065526e-02
7.726008231410324889e+00
1.544630766723973352e+02
3.933012486101974901e+02
1.298105899976178819e+02
1.059021534467646797e+00
1.828802018773290001e+02
1.759090220623359254e-03
3.524329139706434133e-01
1.255772791799270180e+02
1.296643114117879358e+00
3.166233372830119519e-01
4.269038878812407567e-02
4.158693377864345280e+02
1.491535620464838674e+00
3.887147537135304987e+01
1.200664027363731918e+02
1.702151022594680738e-03
1.722695435911048142e-03
3.430180753480300382e+01
4.549256663838381343e+01
1.481617307717094434e+02
6.125673912649231667e+00
1.417519170615910429e-01
3.466843651876298082e+01
5.043150758096806401e-03
2.897173243306679069e+01
1.368446352373495678e+01
6.379575221301556809e+01
7.976861878001940909e+01
3.974602457142868843e+02
3.926964229019105090e+01
2.001143051540141116e+01
1.753548516005002966e+02
6.225033672263166618e-03
4.187701637052103365e+02
1.489569466557990607e-01
1.765082604466426631e-03
6.750151037287404279e+02
1.698702597800106143e-03
1.990050961951824249e+01
1.698985152528158585e-03
3.621915890669314990e+02
1.075235913532257781e+00
5.290130633295127005e-01
2.274008036562344728e+02
4.324183767037916368e+02
3.683650778714694525e+02
6.763617258873950959e+02
8.992177845146107984e+01
9.476828661298499767e-01
4.370403883894734776e+00
6.728112923278012272e-04
1.911688556099882651e-03
4.822625926902146176e+01
3.908157731037314453e-01
3.134350431540510407e+00
1.801616989566960036e+00
3.396146322152474539e+01
2.160528849229352739e-03
2.678154305410057612e-01
2.729263241756867160e+02
1.928040695433583380e+02
7.240501052932954451e+01
2.165485397613948690e-03
4.765387098472097065e-03
5.892760384385270100e+01
8.353851358735796850e+01
4.579007974183148235e+02
7.353164772066102728e+01
1.579652859824578259e+00
7.864518750012555515e+00
8.791511350853273843e-01
6.672496781771264978e+02
9.179288814335626157e+00
1.180875132865684840e+01
5.441691602613522036e+02
6.814805921491157505e+02
2.961500221885510769e+02
5.626352319268881956e+02
2.739587222740200332e+02
2.511485105839330174e+02
8.856935624328418299e+00
3.820297911084832663e+02
1.661176670077967543e+01
8.345742398760815917e+00
1.877642040680277944e+02
6.002919644286535544e-02
4.463518343752819533e+02
1.157216850899123557e+02
1.068094044038298485e+01
1.932437001340263144e-03
6.293882233932891950e+02
9.536326260905520158e+00
2.216108835831163759e+01
2.053669739153225180e+02
9.137556163554846478e+01
9.048987823224633464e-01
4.543338376386568456e+01
5.781398632996962439e-01
5.895585186641491386e-03
6.565713264987112829e+00
6.022528670793566334e+02
6.991068699916511142e-02
6.744237800821262852e+01
1.921730743221048598e+01
1.478131383088688722e+02
6.867315266285729081e+01
2.379223508519636571e-02
6.178055336102548575e-03
4.806492835050087953e-01
1.915754565938664200e+01
1.320809490426381956e+02
1.698702597800106143e-03
1.885032868719445105e+02
7.236550413612110333e+02
3.713098712556563896e+02
1.938876023572982987e+01
5.671553993027822038e+00
4.759232392761796882e-01
1.231402807300155366e+01
1.698985152528158585e-03
6.301959930687716316e+00
2.156691687464803043e-03
4.120849540297882072e+02
1.898729378945212057e-03
2.215627537683745274e+01
4.278394771418975893e+02
2.552401909506066602e+00
6.057087876080054230e+02
5.363361293763063919e+00
1.298671749281066354e+02
4.332858501687879311e+02
3.471604270541117643e-01
1.801582145216316633e+02
2.216107558078013635e-03
6.723548006984074163e+02
1.312361126914652898e+00
1.709190586762839026e-03
1.698702597800106143e-03
7.357992961556384159e+01
1.894673561635793249e+02
2.626972453286022247e-02
1.504630140089197141e+02
3.349896197239892217e+02
6.649644346704656865e-03
1.374462501604133706e+02
5.330774239918613375e+02
4.337614567579302971e+00
1.165825056256537238e+02
1.039287333027073101e+00
1.717435474608029972e-03
1.645348579509803955e+00
3.516063711899143129e+01
9.242777615386846279e-02
2.265665767745411990e-03
2.461619871971842244e+01
5.209884567609611850e+02
4.874585974211701256e+00
1.521156420003169387e+02
1.623841188654770065e+02
5.923731996296285160e+02
1.698702597800106143e-03
2.005607399534262925e+00
1.816103670255309765e+01
6.866268968975605276e+02
5.485031786894739980e+02
5.037052260330411855e+02
1.609707840510625090e+02
5.603916942400860926e-03
5.991540368082362393e-03
8.497941580666125816e+00
2.311237656525276574e+00
3.382443656233625529e+00
4.022688922759518277e+02
5.743219041496685122e+02
3.667563928139150331e+00
1.333606144625660184e+00
1.974498666643568257e+01
2.137224856170911380e+01
2.467407899618126975e-03
8.512736989566954904e+00
1.661476085533234004e+00
8.356118935001032355e+01
1.587818229134213084e+02
4.941872012063506077e+02
5.205033645294813299e-02
1.698702597800106143e-03
8.526178517648104471e-02
3.254373421506654154e+02
5.262549666497261525e-01
5.311701135185202247e+02
1.981175501356498801e-03
6.144622907600639792e+02
1.698702597800106143e-03
1.564171748697797284e+02
2.493200566039896415e+01
3.686813848757295773e+02
6.612849435651218073e+02
1.698702597800106143e-03
1.944011600877357466e+02
1.564755136477177011e+00
2.296278090819311402e+01
2.921391518267790754e+00
3.573485121690662822e+02
1.792964331406009162e-03
3.514352479671971619e+00
5.838177890351884969e+01
3.500842805809111837e+02
1.129071701192205239e+02
5.820246440649382293e+02
1.849511615217071494e+02
3.667523928139150957e+00
1.444267795376314893e+02
1.932437001340263144e-03
9.200322282703791643e+01
2.847864209480508180e+02
6.321185004629709780e+00
2.996584567898787554e+02
1.605563530782173416e+02
6.893320145000005823e+02
3.325893282830405724e+02
1.379664373667530475e+00
5.524363928139151447e+00
3.591035619012915276e+02
1.932437001340263144e-03
4.616291740952395912e+02
3.046416718802221340e+02
5.065480028898557974e-01
1.489953634192914267e+00
5.887919277000885359e+02
3.807034035879265730e+02
1.569057037321608448e+02
1.466927899936221706e+02
8.961530835533556560e-01
4.136625050192072606e-01
1.974519652150814863e+01
6.414021263809538596e+02
4.516736185869324913e+02
5.725990702929204872e+02
3.291547363246804707e+02
4.332218652082102039e+02
6.898081212183095658e+02
3.249673076534718916e+02
1.835596289206349638e+02
1.521531228852588624e+00
2.833335491107325197e+02
1.473804674452886099e+00
4.193851592942960451e+02
3.287097537023499854e+02
3.252177351368823466e-02
5.916271172175792117e+02
8.859936989566962851e+00
1.404512126174518585e+02
5.603916942400860926e-03
1.347542796647037164e+02
3.319187579973830680e+02
1.713261156248017585e+02
5.235677326971797356e+02
4.039940584134149026e-01
1.758323871826488727e+01
6.587038385374950167e+02
1.932437001340263144e-03
1.922636796973687865e+02
3.523559061553590555e-01
5.820153262222657276e+00
5.608944101812866068e-01
1.166392124980347589e+01
2.789443823401226652e+00
3.269789974092513063e+01
1.037498279899463638e+00
4.354053866791965710e+00
5.811250782987032792e+00
3.943220491890331232e+02
2.923683656233624806e+00
6.202813348314285804e+02
2.242377155902985659e-03
4.561621203762986170e+02
8.667080610348550707e+00
4.003166505486946414e-02
3.275120213755016163e+00
4.436489377959999842e+02
4.508323546389671477e-01
2.569844398231493443e+01
3.976522569606449053e+01
2.982529411007154962e+00
3.741530450121096010e+02
3.571313437854726658e+01
3.129536374508279906e+01
4.709792335322066315e+00
5.617045660190922263e+02
4.192294784841153046e+02
1.710732970719315515e+00
1.801485939502359201e+01
4.748592022884395192e+02
6.869341144121286789e+02
1.067622641355992741e+01
9.581142890304219506e+00
1.024041186469852649e+00
3.085928839152964542e+02
1.932437001340263144e-03
4.226574934310152543e+01
1.397344552663669859e+01
2.724127462135532483e+02
4.369387595166627420e+02
2.468480309906605479e-03
2.242822970546344274e-01
7.059249622694967456e+02
1.939103668006930117e-03
1.713419342571724556e-03
1.685805373659528428e+00
5.909317135448986846e+00
2.892805994748612193e+02
9.943668180965302417e-02
1.218107329994775334e+00
1.251315135453604288e+00
1.538620546539330114e+00
1.939103668006930117e-03
2.753818121474987635e+01
2.122230662862429895e+00
7.385820183337288292e-01
4.470507508154816492e+02
1.746045477363666193e-02
1.575435625842627019e+02
5.171057576254104333e+02
2.086590620778341787e+00
6.566548203316450838e+01
8.438509964590543699e-01
1.239545513744233773e-01
4.461298482904052509e-01
1.807879653628924359e+02
5.194825472550611625e-03
5.183727456113732615e+02
5.715676189671170704e+01
3.985926105327796449e+02
1.698702597800106143e-03
7.656832746063517448e+01
5.062190405970821985e+02
7.422050875236469381e+01
4.292453247909742942e+01
1.184911618576087022e+02
1.668444493319468336e+02
2.406636769376028155e+02
1.690304016752832013e+02
5.938331893634292413e+01
9.332014696867162229e+00
9.962581232866849490e+00
1.072676711124207998e+02
1.882433789795562046e-03
3.950331571905186245e-01
6.958888945884829091e-01
4.158913747846600018e+02
2.112119851086360356e+01
1.085403431668787988e+02
3.869545418829673622e+02
9.490316124424327815e-02
6.467678297071987572e+02
2.098058747756712753e-03
5.253147752619094035e+02
8.372407063578991782e+00
5.691557140992420045e+02
2.513609469789536206e+02
1.705369264466772465e-03
7.282260955046207584e+01
4.619831817434080108e+02
1.284781357255983494e+02
2.105406144625662002e+00
6.216252900329498061e+02
2.657508533446398928e+02
2.356591776586763487e+01
1.002195418079602405e+02
4.610786197765923475e+02
1.082239523406039461e-02
1.911047530458857314e-03
6.119809938832868612e-01
3.457615968399569556e-02
5.001065699887660143e-01
6.840056300521368371e+01
3.245819495678908311e+02
6.225749804969208379e-01
6.104026114276647874e+00
3.364692350290203393e+01
5.519793060362532060e+02
6.434140136180159288e+02
1.698702597800106143e-03
5.645011343438725504e+01
3.819200221993332320e+02
3.804092565117090317e+02
1.951169878148187407e-03
4.353944888530909338e+02
2.976496847117279572e+02
2.061175042435257581e+02
6.744714083115472931e+02
3.864756582204444157e+02
1.706084820446820061e+01
4.001155538197813222e+00
5.603916942400860926e-03
3.576816822528867874e+02
4.497692583323672011e+02
9.687885709304203119e-02
2.661527446033079558e-02
2.820052771713993725e-02
3.257187151630139965e+02
1.471980804554035416e+01
5.655170239181019269e+02
2.880895013048967144e+02
5.508922924384097343e-03
4.658822354404958901e+02
3.337451646550584905e-01
1.084172711844617965e+02
1.598653738122558252e+02
1.367787443302881627e+02
1.379863384795801551e+02
9.679582850865067201e+01
1.403316180461226281e+01
4.991150431540511079e+00
1.981175501356498801e-03
1.415289636478259183e+02
1.698916865340281674e+02
5.328112829947910996e+02
4.421123621104804391e-01
6.621687419190077435e+02
6.737726478711073241e+02
5.587597025083727020e-01
1.279079048037553124e+00
6.400412377330394520e+01
1.923680617019482231e+00
7.475718419902405287e+01
1.412681312827002422e+01
6.598862822705328881e+02
1.054608012945092765e+00
6.232928990427910776e+02
1.029713093847056005e+00
2.892567276977911561e+01
5.244762130619950113e+01
2.707200104656076292e+02
6.315274460330761418e-03
2.068123656233626928e+00
1.242753365017956639e+02
4.102137018080819644e+02
8.799593226038540195e+01
9.867585267844141139e-01
3.609185181869067893e-01
9.945514598740432177e+01
1.929632390023772643e+02
4.818920938204409481e+02
3.768988084605503275e+01
1.698702597800106143e-03
3.746018427457089501e+02
1.194445501309937363e+01
4.711304929434307951e+02
1.698702597800106143e-03
1.193645887422919394e+01
2.889249703441551560e+02
3.710368970972336911e+02
7.437979203718730892e-01
3.277438633338260843e+01
3.391790322900291255e+00
3.461034935071879204e+02
1.759090220623359254e-03
1.433090029166372972e+02
2.979381338367010699e+02
6.354381390634900981e+02
2.225759361432059526e-03
1.049145982035717267e-02
4.648651891944441559e+02
2.022773987069574275e+02
2.022554693265667822e+02
2.468480309906605479e-03
1.622005559954078819e+02
5.224550934989115376e+02
1.083499256248027010e+00
1.265977361149778346e+02
1.406050419687379371e-01
6.759833630945973937e+01
3.155155716136520141e+02
1.932437001340263144e-03
6.398640229740125278e+02
3.117925808734223097e+02
1.180995142146717214e+01
1.704265023446483174e-01
5.233676285867530851e+02
6.021929219168439431e+02
2.783187273128844552e+01
5.862251853308159122e-03
7.255905990214973826e+02
1.129632376487384349e+01
1.637039447609982101e+00
1.582200174788944036e+00
2.753601962613441145e+01
7.680775147512085255e+01
2.925949344497347511e+02
5.361625757433852186e+02
9.411193533757573892e-02
6.907838158422469066e-03
4.018005647396894915e+02
3.332347704874710510e-03
3.983683716009964737e-01
3.713603525495508961e+02
2.028536736112571993e-03
1.715857253429505782e-03
3.627477422845437900e+02
1.932437001340263144e-03
1.358057215856021003e+02
7.699274381047829241e-01
2.834487081550890811e-02
5.910952466438388481e-02
7.169609096612318808e+02
1.275587009842293185e+01
2.334109897698128577e+02
1.441216060692484007e+02
3.287682984468078189e+02
9.235783819480500867e-01
1.797556402566375411e+01
3.243594121288317069e+02
5.398496241627927930e+02
2.482937657322478486e+01
2.381233663513462417e+01
7.219106964095152534e+01
1.475714931230741911e+02
6.234542606666714164e+02
5.893248343964952340e+00
7.155233793650736516e+02
6.606293865006125543e+02
4.402883606743560563e+02
6.755791992184131232e+02
5.282479000836286787e+02
1.600192811292327155e+00
1.333526144625660326e+00
6.978477909107499499e+02
9.730825957467821752e+01
3.875285160978846761e+02
6.564353314066790901e+00
4.331146054761904338e+02
1.698702597800106143e-03
2.677602541527937206e+02
2.220641771435357725e+02
4.409916157471355405e+02
7.948250453688353367e+00
1.759090220623359254e-03
2.196464524710936561e-03
6.328112923278007970e-04
9.451727409227594912e-01
4.500349822181623267e+02
3.672515309861598212e+02
6.560497260380213902e+02
5.249985113686969629e-02
5.233450081481527150e+02
1.923566496926387481e+00
1.916791125158732427e+02
6.468205625179558638e+02
3.003858268362780692e-01
9.944830827058960265e-01
1.011089092285111377e+02
2.281729075081220159e+01
3.443027518179401341e+02
7.756917151875699190e+00
2.868781021031259115e+02
3.944244404738545029e+01
4.994692203119045075e+02
2.391911404209067449e+00
4.839222999908706413e+01
1.705369264466772465e-03
5.624970920595087111e-03
5.991290116700830753e-02
7.804139183760534593e+01
1.323520675926179946e+00
5.394695698908925579e+02
2.933718649921142401e+02
6.891683623644466934e+02
7.839757848042464006e-02
2.410762261204298963e-03
1.155190519497380830e+00
2.175136598029889581e-02
3.658268630233040426e+02
2.984195800624295813e+01
1.899510187810466988e+01
1.717718029336082197e-03
7.564810305771977994e+01
1.751622852183214718e+02
3.987610818997163875e+01
3.305294923547052690e+02
1.418249898571432936e+02
7.389635889055086864e+02
9.195676792908292896e+01
6.694588153947523779e+02
5.739686989835200009e-02
1.468813583998236254e+02
8.569688096046783699e+01
7.911989438950262077e-01
4.880611229194205407e+02
2.793474834849625950e+02
6.635054473295256230e+02
1.931622250948711490e-03
1.706805796754991235e-03
2.328399222806649789e+02
5.727835060258903468e+02
5.504227668711584795e-03
2.384587663513461919e+01
4.163117720126661148e+00
1.932437001340263144e-03
1.232480367635105551e+02
4.545538192302015545e+02
5.845611537408007052e+02
2.503035965339755364e+02
4.801177965630615319e+01
5.603916942400860926e-03
1.330029462763840098e-01
1.292380392813915435e+01
2.296099139363934967e+02
1.606867504315415545e+02
2.749359539394688454e+02
5.975818013417062957e+01
1.751609688961520972e-03
4.858252850659159350e+01
5.462215336927031650e+00
4.864100116773127525e+02
7.436406270265747764e+01
5.482199956413838038e+01
8.943208617429233565e-01
7.222422677309864412e+02
1.698702597800106143e-03
4.182081803143845811e+00
1.932332434412078722e-03
1.698598030871921721e-03
3.309828421007916799e-02
1.698702597800106143e-03
5.228909659995662196e+02
2.014072502189321767e+02
3.801961480016832411e+02
5.480933219941524612e+02
1.939103668006930117e-03
3.134388469810511335e+00
5.814849406379855701e+00
2.693064329093855349e+02
9.591930260269555220e+01
5.181402496552153707e+02
1.698702597800106143e-03
5.603916942400860926e-03
1.779559750463934904e+02
3.531699750023888171e-03
3.343848944078496288e+02
1.717718029336082197e-03
6.994116466761436186e+02
2.767393946487539438e+02
5.600968314002712987e+02
3.775354104977650422e+02
3.747827859142468583e+02
4.628368395924082890e-01
1.861309675587678476e-03
6.558626767602961536e+02
1.932437001340263144e-03
8.712151629444450096e-01
2.573456989566959674e+00
2.204975093774098394e+00
2.743601699077391487e+01
6.715166429658662537e+02
7.419602216324658883e-01
5.846214158884268954e+02
2.607779906314826945e+01
5.310139106070786283e+02
8.084242424757831502e-02
1.581685649780190106e+00
2.728114726113763595e+02
5.901794287614895893e+02
1.939676228339725839e+01
6.469315479852422186e+02
4.720448167385615648e+02
3.018458211590050594e-02
5.833676154333263496e-03
4.167187106491001600e+02
2.603355853358609810e-03
2.605913236199162725e-03
1.807910053333316398e+02
1.310678684394695210e+02
5.973728873295359563e+02
3.886011122269809448e+02
2.013856107660878081e+00
4.297408852696322583e+02
1.004989591221840044e+02
1.693616632826353829e-01
2.039342817200042361e+02
4.931238501133789143e+00
2.356614334126975905e+02
3.964924734392426586e+01
3.987348545054662168e+02
5.894094109097408954e-03
9.371773385273306189e+01
1.552953716490493470e-02
2.304270239701100991e+02
5.379587400330681248e+02
1.670681290527073060e+01
5.177392311042193569e+02
1.951452432876239849e-03
1.293839342563583727e+02
1.931517684020527068e-03
2.098163314684897175e-03
4.726888289453078151e+00
4.023997380004762476e+02
1.046272148750897912e+00
2.177091551464143322e+02
5.990773187219117224e-01
9.963211472618228870e-02
2.692217375622003317e+01
4.211606153763580096e+01
4.135360568500985892e+02
7.987376226239510402e+01
7.033771854941756274e+00
2.977547092755808080e+02
5.325437163633917753e-02
3.245770431540509371e+00
4.199998401944306931e-02
9.817903074630184024e-02
6.544377279327620727e+02
3.009232670324132073e+02
5.147556469972524695e+01
8.324729598303329681e+01
1.077365851111200951e-01
3.832453044249226082e+02
2.373469638085236255e+01
2.838924150320326589e+02
1.408547254572213303e+00
9.765692367829664766e-01
3.416512503435608892e+02
3.579927857272691654e+02
1.074489703303227799e+02
1.234938192690431009e+02
7.534662017437197434e+00
4.743925495393093001e+02
8.058505944120058473e+01
2.737787659760354941e+01
5.310453399439992381e+02
6.590590685668296373e+02
6.968953355873019291e+02
6.814769956332689844e+02
3.284461059077144114e+02
5.672605462328044723e+02
5.280448465488491365e+02
5.262424456790031790e+00
2.613333320928606408e-03
6.945959360644544631e+02
3.431312504285948251e+00
1.698702597800106143e-03
4.468285966251280428e+01
1.289044539830493932e+02
2.578260953478598346e-03
1.071683334341598623e+02
1.705369264466772465e-03
1.652084563158030051e+02
3.483264622844906011e-01
1.510291741185276635e+02
6.011941557575587325e+01
6.851426001069407903e+02
5.560200801445927965e+01
1.890840679285717272e+02
4.694976950650622598e+02
3.921687758962352000e+00
3.871991849747054744e+02
7.725997027349569635e+01
4.336761802120282283e+00
1.932437001340263144e-03
6.241506542229466277e+02
5.504888138011343468e-02
6.548667141353155330e+02
3.853731913278397059e+01
2.799692063307292145e+01
2.860615480634918413e+02
1.800882482561580122e+00
2.569127108964671038e+02
1.981175501356498801e-03
7.830124841658217885e-03
2.015289683048735867e+02
5.281779376671094095e-01
1.218644021862166404e+01
1.401288847127892723e+01
5.210561732013463825e+02
1.096476711710677954e+00
1.534453437648747354e+02
7.568385158723084771e+01
1.307722702533591708e+01
2.062854963626754667e+01
1.706805796754991235e-03
3.087209727323791952e+01
1.110055710593648115e+01
7.198411919139271049e+02
1.698702597800106143e-03
2.306912170403516756e-03
2.817251098079507301e+02
3.083841979026082640e+02
4.049001557660042749e+01
1.020189632717817124e-01
8.497119030546310015e+00
6.900376254133343537e+02
7.494722920943443223e-02
1.932437001340263144e-03
3.582229433023609317e+02
3.459415746893728283e+02
5.163582434608356309e+00
1.500358039930366726e-02
2.196359957782752139e-03
6.833409231241739690e+02
1.029622254478101961e+00
6.799210911070561636e+00
7.772624289417173316e+01
2.927817560573546416e+02
3.134388469810511335e+00
3.812146778499738570e-02
2.961775215587200361e+00
2.026682852763129290e+02
1.533194444268397376e+02
6.927691814012010809e+02
1.698702597800106143e-03
1.914106626709525916e+00
1.547305434193659046e+01
1.705369264466772465e-03
3.693736080370129127e-01
1.315440078123497614e-02
4.840811983629337192e+02
5.919018280696465295e-01
1.130913792223470722e+02
1.128334817436639241e+02
5.029080164918603941e+02
1.854086494172053987e-03
3.679852729654078303e+02
2.755263635997275742e+02
5.742838441571858181e-03
3.325263894665711177e+02
3.145126228475256198e+02
1.484188278102661798e+02
3.469786745595509956e+02
1.698702597800106143e-03
3.163029614296976320e+02
2.334677302476797678e+01
1.696965364552907118e+01
1.539957474554507932e+00
2.089021803143844114e+00
1.672830448533424885e+02
4.099649445935124277e+02
1.698702597800106143e-03
4.545313509166058452e+02
2.473580184233973522e+00
1.530930265349751451e+01
7.075564611111138902e+02
2.916325094982879840e+00
4.025624405901602927e+02
2.242774224744680661e-03
4.936018793333336703e+02
6.714647028310081396e+02
1.761445819016603173e-02
1.188665695524971255e+02
3.370317835703380560e-02
4.759127543493816836e-01
3.083333874729219382e-01
7.360941744444439792e+02
1.782117688366261721e+00
5.113996260832230973e+02
7.924613090188999820e+01
2.517348620210606214e+02
6.295228851322779917e+01
3.969887152940622599e+01
1.851602004774315358e+00
3.254373623138059202e+02
1.967961110928715982e+02
7.283072275518063634e+02
2.430094361322908490e-03
2.599560071154119782e+02
7.037156382371764494e+02
2.640534354833731712e+01
5.901827633080128921e-01
4.294765302767549997e+01
2.823786249392122194e+00
6.710950229184312548e+02
1.826721664956665236e+01
1.071881815469656516e+02
1.898543360671629898e+01
7.259025183271369031e+00
1.145502649595946165e+00
2.334311455274855689e+02
3.110643453542154901e+01
3.018458211590050594e-02
1.127917071506507938e+02
4.237524246564695063e-01
2.820476422427022953e+02
7.646079325004939165e+01
4.733870431540512236e+00
7.660509142537992311e-01
2.804977769871761506e+00
9.137512866667258038e+01
5.331378868849801620e+02
5.325363871960065582e-02
1.774107576661284824e+00
1.805241651909918232e+02
5.572988631691771388e+02
4.801087761111172654e+02
1.148416965930746585e+02
3.531699750023888171e-03
7.733276494876264451e-01
4.863133139817637368e-02
1.102956726176313254e+02
2.208632810603266237e-03
6.044299006408987225e+02
2.048574920849259018e-01
5.396319433948047362e+00
1.139405075532043066e+00
9.006459056873192992e+01
5.271631111455010732e-02
6.821982887176937993e+01
4.923745879497070516e-02
2.937060796846452382e-01
4.301097582090982613e-02
2.319566468239780133e-01
3.513999349226734807e+02
5.371801387857326304e+00
3.691822077300298588e+02
9.119202713950156181e+01
3.844754218928682121e+02
4.310684297066828125e-02
1.141401024951451291e+02
1.722695435911048142e-03
3.775762190291961247e+02
5.799203148245902639e+02
1.561756418031451972e+02
2.481363110697977561e+02
1.389489028802669002e-01
2.612986144625661034e+00
1.514521520430482227e+01
8.882273340055223798e+01
2.257012951467015846e-02
3.134351040334196981e+00
1.279352859824580024e+00
2.712615585080374672e+02
4.562442221936219653e+02
3.628929273022341704e+02
3.079384362238425865e+02
1.743603120643812468e-02
4.392016778507311869e+02
1.696722651263544037e+02
1.170099567336261543e+02
1.147002524209282726e+01
3.359575721616842037e-01
2.044334062565000920e+02
5.447647391346469581e-01
2.319594779589943256e-01
1.427889978369287860e+02
2.504047058668100192e+02
6.086203440935670983e+01
1.800972572469320722e-03
1.798016663145414498e+02
4.078328079034289344e-02
1.801552780943315168e+00
1.213849365075082254e+01
1.301733751634558800e+01
3.053409589643738968e+02
2.737355093333328000e+02
6.408931011923424421e+02
6.771422442929032570e+01
1.512955263935665684e+01
7.388422459608608162e-02
1.838652584231287506e+02
8.890210557457479013e+01
8.128707466704472584e-03
7.654406556824112329e+01
5.354378817346667319e+00
4.627568159441258211e-01
9.207942288089677163e+01
3.015912274634841310e+02
2.100234483415623372e-03
1.232107039049086694e+00
1.806442411647026915e+02
2.554857224631193731e+02
4.742787146004568299e+00
5.653024231788467659e+02
1.932437001340263144e-03
2.368321118587719820e-01
5.625613210570825231e+02
1.608317039049088626e+00
3.369474213025752896e+00
6.970906980913888447e+02
2.409468853896319729e+01
9.175162470897997302e-01
5.391670176192698136e+02
1.443676395509579269e+00
4.688933943638496658e+02
1.138225387227809371e+01
2.258848675682813018e-03
3.294188275580236791e+02
5.278436392721830543e+02
5.630680890947484158e+02
3.994965009350630680e+02
6.895229386234766480e+02
1.314088147641754439e-02
2.958992673950936592e+02
3.886985955247632774e+02
1.123042358510748961e+01
2.812869374600769135e+00
5.328752130795973017e+02
1.698702597800106143e-03
2.865162850439372660e-02
4.762207976315824567e+02
1.659224905867245639e+02
1.194053346577066179e+02
6.008997210304638656e+02
5.260337080907735441e+01
2.252890282134797673e+01
1.183889292585957662e+02
6.767347087219383184e+01
8.749767177799595785e+00
1.951047677941668973e-03
2.277381981931131634e+02
5.181869447667894519e+02
6.883090304088516120e+01
1.433721676508961806e+01
5.822931797410745958e+00
2.838576306276967784e+02
7.615930498178879304e+01
6.714380205753336939e-02
4.485510499778019948e+02
9.435633255703223199e+00
1.605666760515440938e-01
3.934110594805817485e+00
4.091440821457439370e+01
1.698702597800106143e-03
6.078332212857150125e+02
9.662777155833688880e+01
2.402409480303143233e-02
9.126521803143841538e+00
3.880437610236199362e+02
1.233576036424302858e-01
1.621483210742098890e+01
5.368023230588720480e+02
5.991290116700830753e-02
3.733854659815795429e+01
6.845782860526300055e+02
6.453036467841654300e+00
3.745277301650798418e-01
5.546635900610513090e+02
8.196040335120113696e+01
1.936513239281404424e+02
2.983426031452650022e+02
4.515640205768373789e+02
1.939103668006930117e-03
4.648269254718542243e+01
2.916172348193704238e+02
6.843872750546858015e+02
9.843518137775869592e-01
3.349292927896170227e+02
1.932437001340263144e-03
1.552827948058703944e+00
1.698702597800106143e-03
3.697927252969417395e+02
6.972811714353977095e+02
2.291730689114894748e+00
1.000620683174314429e+01
4.999949225969520512e+02
3.667524536932837531e+00
8.008189438393397097e+01
1.705369264466772465e-03
1.222675590773258936e+00
8.551342798693811753e-02
5.787271914776315640e+01
1.693523075258955402e+01
3.309828421007916799e-02
5.429000199262707156e+02
3.759836554839864107e+02
4.485677261472485355e+00
2.923683656233624806e+00
2.837628149639672870e+02
6.213676152178949919e-02
6.491444579682545282e+02
3.741373925710713024e+02
3.583165015050416287e+02
7.174471577450701432e+01
2.378963134745181662e+02
6.071697864957277488e+02
6.855415320499317033e+01
2.573392780943314584e+00
3.031056831460454859e+01
3.684855132577838503e+02
8.721468806161990983e+01
8.795155739304132680e+01
3.052990241976034635e+00
2.562164694463345995e+02
1.057574283806484230e-02
4.538646124796597974e+02
1.173366217335577583e-01
4.716616397418593465e+02
2.915786215849988650e-01
8.545319165066367698e-03
2.865279304746713933e+02
4.085471539668846219e+01
9.807180662356556056e-01
2.946261903831971267e+02
2.808728134235408334e+02
6.806036720589676179e+02
9.121092294101154607e+01
1.932437001340263144e-03
2.643131604006444491e+02
1.781602060180313826e-03
6.204740712142280756e+01
1.274437367281471438e+02
4.234456828329276732e+02
2.985060707147394510e+02
3.328843448175485692e-02
1.511111958277920088e-02
3.063776785709533268e+00
5.811512756375702793e+02
4.768059165985972072e+02
3.630415136477178173e+00
2.731043576016002135e+02
9.113471400446060500e+01
6.297303145202729411e+02
1.544651720995674005e+01
1.619837427737492419e+01
2.058872780943315384e+00
4.895480870115400052e+01
4.518620752009113630e+02
5.669125514010412417e+02
1.705369264466772465e-03
1.160335148936553935e+02
2.758828922020555297e+02
3.085068443662422055e+02
6.989642145216309927e+02
2.265665767745411990e-03
3.799101907672384204e+00
9.697277690596800906e-03
2.269362732814418848e+01
3.542337253067305625e+01
1.293745230654041620e+02
2.196464524710936561e-03
5.882405021900695072e-03
2.692332782037476591e+02
3.183412071046718239e+01
8.453844306469470382e+01
6.123235232368324787e-01
3.743728023032161332e+02
3.798656839971164345e+01
2.319418031438437722e-01
5.991290116700830753e-02
5.271631111455010732e-02
1.516519053268766015e+02
1.205838858596200538e+02
6.608381577132744269e+02
1.577446906284815320e+00
1.332625769106942926e+02
3.992603876756593309e+02
1.408965745350578350e-02
4.309382817223200712e-01
6.259147374755198143e+02
6.024441983717993025e+02
3.909588339150066076e+02
3.986405751249080254e+02
2.259016368440618194e+01
1.881720701823585529e+00
1.474835369990117613e+02
3.251903769448480261e+02
1.523858500248886827e+01
1.924708073868826474e+00
1.547332364438690036e+02
3.116623177820628712e+02
1.041771742198710049e+00
2.632578655334096851e+01
2.472820117557997150e+02
3.766610352369784476e+00
1.256475845613507119e+02
7.576245293374149758e-01
2.285477752915961389e+02
2.480460188571958042e+02
5.955585186641491544e-03
8.867571755939809464e+01
2.243735780303371674e-01
2.250771229630023527e+02
4.410525585198869862e+02
7.566808949452103583e+00
2.090263583094536557e+02
1.577650178992675478e+02
2.622331305234218313e+00
1.239989726147248739e+01
1.236094875355751466e+00
6.874761501647436157e-02
2.785991587179477733e+02
3.979582052480353127e+02
2.771890701238767747e+02
4.172756103869769417e-02
2.524511464208481382e+00
5.632276631907719775e+02
4.302134956675896404e+01
1.049661574432039259e+02
1.932332434412078722e-03
3.728127279976484854e+00
6.651574962019225268e+02
2.955450848121322949e+01
1.391701555381910996e-02
2.298880292295562011e+00
2.585738537998162769e+02
7.211635008705974315e+01
4.998241427918654836e+02
3.655096284994912570e-01
3.816800398802712948e+02
5.477679169827214309e+02
9.688149472599886236e-01
2.202500334815443921e+02
2.096726782396677972e-03
7.230805372092729000e-01
1.939103668006930117e-03
8.521435159579492336e+01
1.932437001340263144e-03
2.319923334213555393e+02
3.444967334031116479e+02
6.501770790510272491e+02
1.653379956919913685e-01
1.560944623124794362e+02
1.013519564909073800e+01
2.369949157679271536e+02
4.346888987562713282e+02
2.628524309252231319e+02
6.138213900142458215e+02
4.150418662894098247e+02
2.496368382731007363e-01
9.241762721214907828e-02
1.991476929933137399e+02
6.505198355017681422e+01
1.922226900699859584e+02
4.049551841214883707e-02
1.625006559600023770e-01
8.986227020727103820e+01
1.789596557261152654e+01
1.600469450615211713e+02
1.249675253890584425e+00
2.135264193042016245e+02
1.650166616207149843e+02
5.145025157719319395e+02
1.835571606401460087e+01
2.754633090012867935e+00
3.079871404484847610e-03
2.184454964891179785e+01
3.583872103936866438e+02
4.387348525841524634e+02
2.275543741192507525e+02
3.802337454823382507e-02
6.123146971450034926e+02
4.428789764943801401e+02
5.023575367803067593e+02
4.036230504839753053e+02
6.677818689490146653e+02
2.720601974633482314e+02
5.399972589676218376e-02
5.780492091585048229e+02
1.277424687024163887e+02
1.526320242131553755e+02
5.462107170719374380e+02
1.225363321419641522e+02
2.509982808042308591e+02
6.675376410357921486e+02
6.443190072805592139e-02
1.514691817315868827e-01
1.216018603368114981e+01
1.504406471210572533e+02
5.066612960701071984e+02
1.927454545199912446e-03
1.343896599224339923e+02
3.980783104949483118e+02
7.057589291188686786e+01
5.524323928139152073e+00
1.003799477958994713e+00
5.914542638537344601e+02
5.869546260566748970e+02
5.827364473627728580e-01
5.697001532025327108e+00
5.256026701530253575e+01
1.622142011262798746e+02
5.991296092690433506e-01
1.703962559103124096e-03
8.422467091787307680e+00
1.997822695357907463e+00
3.859476494394843371e+02
1.705422385316706117e-03
3.633280222588048218e+02
1.333470322900291105e+00
1.934228720489992099e+02
7.940193312790012614e-01
1.989255464113227276e+02
5.491223577748595517e+02
3.620113075965515748e+01
6.839257073705039147e+02
3.528149764156570711e+01
2.585681038208042029e-03
6.016288047709822395e-01
3.504841135904817406e+02
3.650965670285430065e+02
1.224951686100139270e+00
1.670528186529064669e+02
3.903549415467466019e+02
6.033529841686547712e+01
6.846579550980349040e+02
3.344305184923065326e+02
9.016872758450836045e+01
1.821094324166764977e+02
2.497260405950641748e-01
3.943354451613521405e+02
4.176342859512084260e+02
1.215861802120271173e+00
2.061657455490690083e+01
5.288833215431781865e-01
1.069346185680336703e+01
6.507962409558846417e+00
1.932719556068315803e-03
6.723558060753410928e+02
7.759815131516406561e-02
8.007568218005006733e-01
1.698702597800106143e-03
5.298873409529548245e-02
1.195522342250213228e+02
4.417688779570305702e-02
5.695874291102699090e+02
1.799988172909780104e+01
1.664994975405055489e-03
1.751609688961520972e-03
9.229629304473325746e-01
2.573392780943314584e+00
5.112900239153424309e+01
1.705369264466772465e-03
4.953043273227530108e+02
1.810151695555860485e+01
8.148923029767539683e-01
7.992347895706099337e+01
1.742506431013319146e+00
1.683950515352622135e-01
2.776107846374010535e+00
3.464070240710104827e+02
4.412543319207737902e-01
5.935432047680455270e+01
8.027656773275175794e+00
8.526178517648104471e-02
9.955898805183460709e+00
2.104807205563154149e+00
5.166886214677848116e-02
1.459330505468255446e+01
4.937933855690475582e+01
7.678308226731461161e+01
1.705369264466772465e-03
4.931868112548152112e+02
5.276296203646177219e+01
7.145853329202646320e-02
5.504227668711584795e-03
1.333470322900291105e+00
1.521679045698162008e-02
5.947219345353071276e+02
2.659454458421709546e+02
3.530856974026633566e+02
2.254469465242580836e-03
8.094865344511121918e+01
1.698702597800106143e-03
2.894496888807969412e+02
6.342421893899037322e-01
2.979615146509752890e+02
4.867099780734385490e+02
3.811770945219761302e+02
7.030252935858171668e+02
2.423149966159684754e-01
1.263773983138182331e+02
1.698702597800106143e-03
3.307803657475134287e+02
3.662965197930300292e+02
4.912954162164567151e+02
1.062187001718905899e+00
3.214189766781601509e+00
9.363039562908109303e+01
4.206379769161674176e+01
8.470756274366352256e-01
1.228269209773377924e+02
6.054142559563507713e-03
3.464579154966533565e+02
2.507832217034355722e+02
1.561302975068213925e+02
3.513477537878781476e+01
2.254825945261333509e+00
2.764563658998432629e+02
6.516616989566959006e+00
5.271631111455010732e-02
2.319018031438437877e-01
4.548894486500706762e+02
9.121699246164224562e+00
4.218617487286514489e+01
3.042200152297325766e-01
9.437537672844577008e-01
4.572332636347898926e+01
5.508922924384097343e-03
6.661682130796471313e+00
1.628292159757998832e+02
5.307110549688047740e-01
5.940831118541082922e+00
6.721964155380370620e+00
2.860552674436255529e+02
4.404297984430693873e+02
1.383791977909607738e+02
1.123956951927565058e+02
1.151039121577113633e+01
4.468243782725772606e-01
2.109358800019903981e+02
4.740642986419915133e+02
2.106222504556475028e-01
1.131734368973375560e+01
5.938705461523095437e+02
7.425354680867667412e+02
1.077940365571006112e+02
2.826114102098000857e-03
8.224302033948475810e+00
8.357048553269041236e+01
4.821016073523543355e+01
8.140742734063680075e+01
2.947236771776076125e+02
6.904704559242107464e+00
1.230692806402367552e+02
6.801761119709857439e+02
3.031155675769117534e-03
1.052683568717233675e-01
1.718433695207029928e+02
1.853786331152101354e+02
5.603916942400860926e-03
2.101039793260354397e-03
5.805146912756113124e+02
5.603916942400860926e-03
1.066887670537959854e-01
5.130284444311649139e+01
2.573376989566959594e+00
5.603916942400860926e-03
5.893315331730213276e-03
3.984350985458063974e+02
1.015560180314384375e+01
1.905412064160091568e+00
6.142465924755335891e+02
2.242377155902985659e-03
4.884258761199297396e+02
4.375301566283923194e+01
4.307297026414143488e+02
1.976086015132279954e+02
3.783536109041293685e+02
6.643467427803607939e-02
5.796712343850754223e+01
6.064520886296282924e+02
2.731175365686150371e+02
5.268670081257972697e+02
2.468480309906605479e-03
2.184782081481824890e-03
4.698239920607110776e+02
1.848266190325262244e+02
1.280381015503787978e+02
1.064179700614813271e+02
3.889873111530636862e+01
2.804258338844185516e+00
1.729990987295884608e+01
8.675589591050752655e-03
1.889726033127948511e-03
9.954219477958993423e+00
4.725598143048616180e+02
3.014884540871028094e+02
5.105307395789586167e+01
5.835181143370259171e+00
4.495004765196360950e+02
2.652127062391169965e-02
1.237197726147248922e+01
4.467142531522261493e+02
5.604219972703892820e-03
1.576732220006230420e+02
1.939103668006930117e-03
1.760162578690943747e+02
2.068075024846177001e+00
1.976775300445879680e+01
7.792667258684907949e+01
4.302642777717729672e+01
4.062234579362466569e+00
6.648634617712847330e+02
5.777027617685381866e-01
1.885944238082216895e+00
1.776401680768704798e-03
3.406319417132448848e+02
5.124618609931558666e+01
5.271631111455010732e-02
3.824767243600027733e+00
2.031933081545996629e+02
2.788161151958696848e+01
2.185294504912648961e+02
6.315274460330761418e-03
5.703124204909888704e+02
4.842328958309209952e+02
1.449837573556653680e+01
3.427141850357092068e+01
1.698702597800106143e-03
5.632253052466535542e-02
2.103386554485332169e+02
6.576510500856710451e+02
8.472705442010260413e+01
7.164313130714680256e+01
1.705369264466772465e-03
2.368319321965022262e-01
1.086846038113507085e+01
9.290509296996010691e-02
4.365209053493182978e+02
7.220291321502883193e+02
1.454021849042405847e+02
1.975185528112936026e+02
5.895585186641491386e-03
1.126073043379833933e+02
3.842854202183166308e+02
2.287121249237950849e-01
1.448605726147249229e+01
6.284584699866139772e+02
1.848510174353530655e-01
8.644011678062527437e+01
5.466970956676076909e+00
1.540481648826634284e+02
5.326375869679752668e+02
1.942924990302996677e-03
1.319440078123497451e-02
6.341094787934264332e+01
6.383502558500430268e+02
5.882405021900695072e-03
1.869914742244708634e+02
4.554699287533802021e+02
1.699363957671603487e+02
1.341686272942336018e+02
5.449677370982498132e+02
5.593445036531774051e+00
3.222906037364994347e+01
3.901625359622251921e+01
1.235988587936203515e+02
2.274672465961197432e+01
5.980313179215795971e-01
5.799697716149864596e-03
4.770727777351439075e-03
9.930173836327020354e+01
2.043388479528832763e-02
1.715659578767433522e-03
4.542468064884135401e+02
4.247657802563459484e+01
2.418685402937847950e-01
3.483765349971725982e+02
3.332594141301823356e+02
3.029508068440061042e-01
7.381061803143842859e+00
3.533547935342431856e+01
2.015437760545189505e+01
6.333735748384120825e+02
1.653763279759497273e-01
1.491856803670253306e+00
2.104776860501630063e-03
1.832882674715047159e-03
6.549071024600238156e-01
1.287490244886057269e+02
2.098605526906740977e+02
6.907838158422469066e-03
1.664994975405055489e-03
4.301648383363703374e+02
7.221324441666689609e+02
5.704426193516010102e+00
3.959681827137799814e+02
2.319594779589943256e-01
1.236606503311850247e+02
1.226959320107339352e-01
6.434356898347251885e+00
1.103521209470473552e-01
1.129542182442507823e+02
6.859445475221306197e+02
5.722112128891478733e+02
7.374728275130249813e+02
5.317208153271250239e+02
2.590923608712719215e+02
5.745208371807211023e+01
4.919194609398341161e-02
1.741697629539418983e+02
1.625409316760275544e+02
3.317584783796194756e+02
1.019190096206039620e-01
7.463387647312957540e+01
1.821965577581264739e+01
3.732755627320681242e+02
1.307373055767238270e+02
1.221012874941254100e-01
1.865971988965800001e-03
6.608800761136941759e-02
3.137894679491628835e+02
2.801188520490239853e+02
1.474937300928949639e+02
6.646633773382865229e+02
2.295758613788844143e-03
3.484567427794212904e+02
3.009040040560924822e+01
3.077177795559412630e+02
3.232716705405206097e-03
1.587375135453603647e+00
1.000704016711911892e-02
2.199561884841270398e+02
3.303853931074067773e-01
1.929918819715947507e+02
5.365056800964305239e+02
4.897750998653214083e+01
1.991058893638102845e+01
2.163453016983365842e+02
1.273962645680008499e-01
7.334610921580875811e+02
4.467323928139150802e+00
7.026512568333377828e+01
1.698702597800106143e-03
5.251033912583242397e-02
9.461972909478542704e+01
4.464030281083230278e+01
2.242002652374693872e-01
5.649130633841631521e+01
6.880131624203934280e+02
3.118094179937829901e-03
1.333486144625660064e+00
3.155376628270473702e+02
1.785393998854569020e+02
7.781298359394711595e-02
3.278438414405472123e+00
3.866955691743597185e+02
6.616843526608008688e+02
1.031646309752320134e-01
3.184630870028946603e+01
1.384343737393294582e-01
1.179586802053659937e+02
3.310583402162359903e+02
1.304147516460494038e-01
4.296049748385764033e-01
6.998784461053675159e+02
1.698702597800106143e-03
1.650680980815601018e+01
2.945939280747279554e+02
5.777535249197104577e+02
6.777820929212285819e+02
2.010383277628581544e-01
6.035274460330765020e-03
7.718977353952598719e+01
4.273026249152418927e+02
5.172584374814852026e+02
5.390677274582051268e+02
2.253785062451260646e-03
3.095610001141186558e+02
7.849355862080021495e+01
1.139942111111098342e+02
2.962416819393937431e+02
1.698702597800106143e-03
1.932437001340263144e-03
1.382811017557061817e+00
4.645753534680230814e+02
6.780720149614234060e+02
6.620402033249843388e-02
1.988946744955314898e+02
5.251033912583242397e-02
5.778888368569628196e-03
9.427688770578502897e+01
1.595891728371965712e+02
2.583114597024492554e+01
1.871704310485746134e+02
1.495401669695017688e+02
5.156003448199137438e+02
4.368058488982636822e-01
1.931622250948711490e-03
1.809701022751318078e+02
1.558162008327231562e-01
3.425997247523047268e-02
3.697045759729183487e+02
3.490940480671333148e+02
2.513372209892716369e-01
2.995218200853192911e+02
9.729136786307171492e-03
5.037216989154675417e+01
9.445693203333219401e+01
2.352439274040407895e+02
1.310678218169475713e+02
1.098928931643264839e+01
3.814644765258594248e+02
6.021712880348275121e+02
2.983823146783200855e+02
6.760009034886636847e+00
2.149146971173820572e-02
2.996823851403565087e+01
1.310899648862825870e+02
2.081498155555562448e+02
2.236548425520012273e+01
4.814215002143387157e-01
5.658427895344590297e+02
2.460539271067441799e-03
1.988300441706249144e-01
4.389379514972692853e+00
3.621629026835190834e-01
5.146763490826816501e+00
2.629890808483841713e+00
3.713641927819227817e+02
5.020751061203525267e-02
5.248878107706770810e-03
1.705369264466772465e-03
3.911059973685882540e-01
5.781361676184918679e+02
6.833256730649968347e+01
1.825513560261716461e-01
5.645865761547022403e-03
1.001563965942918522e+00
5.632623450034165286e-02
1.601961802120269507e+00
5.778888368569628196e-03
2.867939477958993955e+00
5.882405021900695072e-03
2.609327786056657601e+02
2.243050374097076194e+00
2.189133075380903222e+02
6.847950594805817914e+00
4.770727777351439075e-03
1.867816048250638301e-03
2.533605756624007554e+00
2.733529468456043219e+02
4.231096088772924313e-01
4.530873203333352421e+02
2.577091363908698440e+02
1.691411236427724923e-02
5.613872836511716002e+01
4.513342604070762718e+02
4.950540124087230986e-01
1.608317039049088626e+00
6.849772129028744985e+02
4.019489356858174101e-01
1.063260750290246079e+02
1.547930083411644064e+00
5.801082140172995878e+02
3.634789685845224438e-01
2.742291223812652561e+02
3.378560872772513903e+02
2.196464524710936561e-03
4.740473874465162680e+02
4.118341171051274046e+02
4.342318313217252701e-01
3.106468469810510946e+00
8.454621413936345675e+01
2.590962831695870250e+02
5.281069737040199925e+02
7.728486713467387581e+00
3.015751726225660150e+02
5.129179530283802251e+02
1.865971988965800001e-03
5.589327576526245878e+01
1.982959049661654927e+00
1.438288158485915744e+02
5.127180183646576239e+00
1.942924990302996677e-03
7.488792226777060534e+01
1.939103668006930117e-03
1.705369264466772465e-03
5.399259193507420207e+01
4.152504346723286517e+02
2.957702435142533659e+02
4.435932250153377367e+02
4.841428885070600927e+02
5.483969775424498749e+01
1.006988914110544187e+02
2.334628469810511753e+00
1.698702597800106143e-03
7.427832811292326198e+00
1.880322871904768078e+02
1.409497348501969149e+01
1.456173574586000008e+01
4.291960263075511151e+00
3.570088353685822113e+01
1.781709148129652078e+02
1.007788327455108224e+01
1.832882674715047159e-03
2.017772389358141738e-01
3.667563928139150331e+00
2.905167406625263880e+02
1.698598030871921721e-03
1.706701229826806812e-03
7.849867261721553291e+01
3.435037161077041219e+02
2.466609527996173199e+02
6.982369357095674332e+02
3.388704833695375669e+02
9.781341617686271306e+00
3.770906280925158394e-02
3.928865334489495353e+02
1.552774981766493478e-01
5.408638366618154691e+01
2.628500296742313367e+02
8.331172290706822992e+01
6.463961602391291583e-01
7.525915841824881625e+01
3.597139397034736064e+00
1.256385988187305180e-01
3.223881283507873832e+02
6.466889473996699280e+02
2.761360320804020034e+02
5.832426279666266282e+02
3.292530690052057594e+02
1.873684521673266046e+00
4.204140861010827734e+01
4.573402490785887409e+01
2.460539271067441799e-03
1.698702597800106143e-03
6.591686117802852607e+01
2.400299592096261786e-02
3.798732097784282558e-02
1.636225211615021351e+02
4.992531893189922130e+02
5.177241329606443454e-01
1.491535620464838674e+00
1.640634440916257475e+01
3.669018091631630227e+02
1.706805796754991235e-03
4.690871838931657933e+00
5.601579922858587857e+00
6.741812471041527033e+02
1.767652162512339288e-03
4.602188961197574031e+02
4.268013578576720306e+02
8.506882940531282600e+01
2.029443253350827481e-01
4.852322707241678579e-01
1.404228224203929454e+00
2.392330150007026646e+02
9.573873530190744052e-01
1.433465253581984200e+01
6.869321030086886992e+01
3.881346378751578072e+02
1.031620367960994766e+00
1.432029254205026580e+00
1.050422371780933117e+00
2.813367612595018130e+01
3.519622158425248699e+02
9.234989178239857210e+01
4.702295313933923353e+02
2.003067300816664087e+01
1.367100612209852528e+01
4.900524821156078588e+02
3.796162217893048751e-01
1.661081830763174594e+01
1.930885999963724261e-03
2.237962789094318783e+00
1.932437001340263144e-03
1.507480060436417268e+01
5.988769251482697203e-03
6.865452977558607017e+02
8.713552930830879006e+00
2.681191314282451117e+02
8.826892828115560974e+01
4.131654117719198638e+01
1.270487467218119626e+01
1.865971988965800001e-03
5.914806929247507696e+02
1.738373224088914242e+02
4.919169091034627961e+00
4.641051153313467736e+00
4.054454178831024080e+01
6.787714279727276789e+01
1.535434063847515596e+01
5.324228332063034941e+02
5.253905365873013125e+02
2.743797048756466239e+01
2.694981782229315854e+02
1.398064567382905743e+01
5.322277077893951258e+01
6.850147608637043959e+02
5.328725933666365877e-02
1.163161980515101277e+02
4.567891916359617426e+02
5.647782597564324760e+02
7.190029723050695987e-01
6.941115928608598828e+00
9.748600121047144285e+01
9.616000221973382622e+01
3.674117246234153367e+00
6.185102225553368953e+02
4.426420367464281753e+02
8.151667408737758080e+01
3.974135129971811509e+00
5.258188731285287978e-03
1.932437001340263144e-03
1.865464127414441009e+01
4.932136246546809843e+01
7.669215318741826048e-02
1.194036398093444584e-01
1.853761037828840870e+02
7.137261303447413677e-03
2.594390870420160411e+01
6.654851687208553130e+02
1.835216744340879055e-03
2.295794886825868559e+02
6.953344491767675208e+02
2.290588178732702431e+02
4.364063070668831870e+02
1.285795308802227623e+02
8.240875013411571581e-01
9.455742018370902335e-02
6.055959451428592502e+02
1.400356921365540472e+02
2.539797930952892671e+02
5.833676154333263496e-03
1.262907880262863500e+02
2.685761563346133585e+02
4.475074583648184898e+02
2.823223060946017937e-01
1.856611252102789322e+01
1.041453744534756254e+01
4.548153201802861645e+02
1.261024994741684724e+00
2.845478385545113093e-02
1.702151022594680738e-03
3.915499905384670569e+02
2.319018031438437877e-01
2.820052771713993725e-02
1.303936673163823912e+02
5.894723654968258870e+02
8.516353830718819129e-01
4.201232459432874267e-01
2.916066423223703055e+02
2.934292898047541698e+01
2.875449513042321925e+01
5.995310908326877097e+01
8.553213085705616336e+00
5.412859469728864497e+02
1.300869147743658516e+02
2.604182514829390005e+00
4.013013754773144370e+00
1.156533244748472100e+02
2.566554777599229809e+01
5.047133683793497312e+02
3.947382836329570637e+02
4.667016589266837059e+02
3.146517991270441144e+02
4.369972822339246932e+02
8.118970359447061913e-01
6.950166816967902150e+01
1.715857253429505782e-03
1.288660810976274274e+00
4.675975590580100629e+02
6.367685432682033024e+02
1.455281761927417676e+02
1.662661482894543497e+02
5.458818415808118516e+02
3.754099714785846231e+02
2.848867534545241256e+02
1.865971988965800001e-03
1.698702597800106143e-03
3.020351885339742921e+02
3.168470645527037277e+02
1.461785027963007906e+02
6.995091856810937543e+02
1.207411731716545411e+01
1.459687243176837796e+02
9.459919719832546314e-02
1.698702597800106143e-03
6.838583548358839153e+02
1.374524360525493094e+01
1.343730642720333890e+02
5.416119508308209873e+00
2.729228141164002750e+02
1.552101208465267966e-02
1.285821845713363984e+02
1.070177222455747845e+01
1.998817008006584066e-03
6.892746277656547136e+02
8.642406419592785483e+01
1.705264697538588043e-03
8.926990765602870681e+01
6.740756803557734766e-02
5.825519511389265492e-02
5.922399763236003309e+02
5.810217221290569611e+00
7.296212719732054666e+02
1.978748669853985093e-02
7.328543543201564425e-01
8.708719366337671630e+00
8.032352780943318393e+00
4.567064054413630739e-03
9.734577105045836079e-03
1.832684447839978148e+01
8.207642630089711844e+00
1.655905037817977075e+02
6.123638962247258632e+02
4.872019618818482911e+01
2.018473316492484173e+02
4.809999952642812077e-02
5.862251853308159122e-03
9.384022361390168498e+01
6.754182253190637653e+01
6.643467427803607939e-02
5.589163195160292474e+01
1.939103668006930117e-03
3.136273639510666840e+02
1.040561678458563222e+01
7.495595705045967172e+00
1.265453782482494915e+02
1.681415406895875190e-03
1.256470615632206744e+02
5.620190401115235801e+01
4.301014647481732345e-02
6.612788606845216464e+02
1.611879864040560335e+02
5.475666194130281639e+01
1.705369264466772465e-03
2.391438522740973571e+00
1.396499935138396040e+02
6.472297493445506689e+01
3.192852096485538915e+00
4.874392907406544850e+01
2.551616409604951343e+02
4.976326979048503740e-02
4.838656564301534874e-02
8.442600122341882951e+00
2.244273572567578607e-03
4.312346533629063288e+02
7.024737026888307589e+00
1.048774097151364515e+02
9.848005894841620034e+01
2.489500181870723594e+01
1.698702597800106143e-03
5.254039913910701216e+02
1.851604535727713108e+00
1.751609688961520972e-03
5.493653077486934535e+02
9.107868469810510348e+00
6.034101750529850428e+00
1.493179526491245523e+00
2.758563575309367799e+00
3.759886709118591170e+02
4.482698995483787030e+02
5.820137293455959480e+02
5.601288229535335859e+02
4.916065715450717448e+02
1.698702597800106143e-03
6.039470989852059324e-01
4.233649953211025831e+02
1.323520421844614603e+01
6.737825463729649300e+02
3.892970457590279043e-01
3.023296612955654155e+02
9.427793710771421587e-01
1.932437001340263144e-03
9.138209772254600693e+01
1.961657867110920724e-03
2.255026113244235422e-03
4.743870554623904390e+00
4.037473161031636550e+02
2.815066710475912171e+00
4.104622722006200775e+01
3.901291688169905569e+02
1.441470186390195920e+02
4.988052437073711189e+02
4.271251341882270367e+02
1.383003640374763599e+01
6.116513499730468766e+02
2.068075024846177001e+00
1.547029740217514479e-02
4.619059004583344574e+01
2.738536240350099433e+02
6.894966038957811634e+02
3.043688374770313771e+02
1.423777505225274886e+01
5.081167547002689820e-03
1.981476290355854986e-01
2.259680085447514131e+01
6.410817441686118627e+02
6.979499853030559503e-04
1.120008328320905733e+01
9.020603023775933593e+00
4.022053264750523454e+02
7.020384548455961067e+02
4.007088675007725556e+02
1.981381660524426707e+02
1.236795298638107141e+02
5.615067581655197273e+02
2.158664745551096831e-01
1.867816048250638301e-03
1.540235925766434377e+02
5.443211958076961121e-01
1.471186252637879562e-02
1.698598030871921721e-03
4.661485318541188860e+01
1.872293880294654400e+02
6.085628735809257250e+02
1.932437001340263144e-03
7.047209489906424551e+02
6.977757847029070035e+02
5.096648257794386154e+02
2.221198170982083582e+02
1.755914573794956990e-03
1.739774129522554063e+02
3.934121847180890974e+00
1.978748669853985093e-02
3.215503255416518300e+02
6.521018164595467397e+02
4.835723536449988842e+02
1.498877768721792458e+00
1.079141650922494089e-01
5.222040682817529387e+02
8.034508337051844862e+00
4.128888023905424376e+01
3.917288495094729797e+02
3.521581458038817836e+00
6.611402810235563265e+02
1.781602060180313826e-03
2.653703313490644256e+00
1.698702597800106143e-03
8.603681458376241098e-01
1.698702597800106143e-03
1.968714877855470888e+02
5.801000631380829020e+01
2.993917652257277595e+01
2.421936545508379945e-01
6.498405541966433248e+02
3.519729512270827172e+02
1.717435474608029972e-03
5.192359557115712221e+01
4.060420991288976893e+02
6.713790219458230695e+02
4.602671180908253064e+02
8.415457830111368054e-01
2.210730670088002228e+02
4.779556798079055979e-01
1.755914573794956990e-03
6.586046500066155431e+02
3.888704193619000193e+02
7.923100236313202593e+00
5.155787675439730720e+02
2.881621045762648805e+02
6.670628023859990208e+02
2.573472811292327744e+00
1.951169878148187407e-03
5.887142205613685775e+01
1.256492858330777729e+00
5.125667088514509828e+01
2.949020710211082132e+02
5.808084171133448308e+02
4.921828122525892524e-01
5.769474037630340035e+02
2.248965794476104065e+02
1.452682674356541703e+01
3.775625215587200323e+00
4.139176349951949163e+01
4.182121803143846073e+00
2.522375122640923450e+00
6.568982615602888586e+01
5.199761100814744168e+02
4.595408285064879750e-01
8.119318294673702496e+01
9.166946876558599300e+00
6.815757340936169157e+02
8.671505145228147526e+00
1.189883988261057084e+02
3.175921305234219449e+00
2.053060043625487552e+01
3.556892648123388767e+01
3.127984793028715558e+02
1.443779900211690581e+01
5.496181841594228068e+00
3.853121341025255902e+02
1.893080210202729152e-01
2.954963456631217156e+01
5.247442875701611911e+02
4.431811535276578979e+02
7.320761607053665330e+02
5.399734557891972031e+01
1.285675797475314539e+02
1.817480348245846358e+02
2.349333850644832182e+02
2.130172038409974267e+00
2.239517771570445746e+02
9.961836844432392368e-02
1.698985152528158585e-03
9.085035656942100957e+01
4.283114119152464649e-02
8.588792042554511852e+01
2.801108254956098520e+01
6.054142559563507713e-03
1.703962559103124096e-03
1.946828469348987033e-03
3.136891962205077888e+01
1.698702597800106143e-03
6.795238099593141214e+02
5.673333954495760167e+00
4.524571776551177676e-02
6.988735473747513538e+01
1.159057450647270144e+02
5.627264344177918929e+02
2.298898698895896597e+00
1.853296817522306696e+02
3.333250082735967226e+02
5.120694739732127942e+01
7.010660166499495638e+00
1.013055885414569985e+02
4.636538867928740615e+01
2.104776860501630063e-03
3.185365724736518587e+02
1.602008822337619165e+01
1.336118597305317053e+02
4.456963161418754567e+02
3.814760086534609851e-01
2.043284526066953821e-01
3.136092758649377288e+01
8.140390693538897271e-02
1.139472340993637118e+02
2.283994571223840921e+02
1.821081356407302394e+02
3.827089308863286798e-01
1.660959400522696399e+02
1.165920948026474946e+00
6.262767259140068887e+01
5.571251206064384576e+01
4.977118216510665150e+01
3.873413021925925364e+02
3.300244858254171163e+02
7.299195676352372188e-03
6.026685913344922483e+02
1.628705207736165335e+02
2.334708469810511833e+00
5.609777030025517206e+02
6.712068419510340789e+01
5.470894335378249929e-03
3.858911509498274768e+02
1.713419342571724556e-03
6.793300351595104303e+02
5.691901846224790233e+02
9.928377687225219006e+01
2.098163314684897175e-03
4.459011652519025981e-01
5.653447467676213591e+02
1.698702597800106143e-03
9.150026205847487659e-02
3.568572404444779522e+02
3.995859866411723829e+02
2.148791260511970225e-03
1.699924018932846620e-03
1.671448857148350271e+02
5.508922924384097343e-03
4.783465178815287118e+02
1.765969296540939979e+02
1.114788993690661069e-02
4.310601362457577856e-02
2.949093827610859719e+01
3.562405997784638885e+02
6.860471274998289459e+01
1.956429839451205577e-03
5.862251853308159122e-03
8.485651130196980585e-01
3.098011701262077722e+01
6.450030771817625919e+01
1.035567158720795689e-01
4.745460367960999015e+00
2.797128850470112411e+02
6.358395955972720515e+01
3.588485477673122870e-01
2.555763873835589228e-01
5.507864032347948441e-03
3.812172092785015565e+01
5.448211514541357881e-01
6.645960398293574372e+02
1.024927112649780779e-02
4.849114584136391954e+02
3.418767409164897231e+02
1.705369264466772465e-03
1.333600686600984098e+01
1.457150627527235232e+00
1.478048163704161198e+02
2.747628003708175015e+02
1.726789098786355003e+00
7.312193044444395582e+02
4.418828768851664535e+01
1.698598030871921721e-03
1.939103668006930117e-03
1.604662949123496773e-01
1.433627676508961635e+01
2.428097247554950400e+02
4.090627762853053517e-01
6.282369009127021400e+02
6.954190319052854516e-04
2.832072032229230096e+00
1.099806289739523812e+01
3.267305403713438636e+02
1.414558849856570877e-01
1.328480865398752258e+02
5.820263778355174509e+02
5.628995966633328862e+02
4.182121803143846073e+00
2.233306172614734351e+02
1.517563672155624488e+02
5.789818296032788112e+02
5.774497328671459400e+02
6.729998175994730047e+01
5.676929239969075690e-03
6.476334683217479551e+02
4.460999901458146155e+02
3.944494749436943781e+00
4.300627748517781583e+02
3.798807210860789496e+02
1.232107039049086694e+00
1.629988058489650484e+02
1.913377346060369462e+02
1.791951946115801775e+02
9.854122240199735927e+01
1.698702597800106143e-03
6.092475480369855534e-01
1.709682275330448673e-03
3.630335136477178093e+00
1.837029618599813063e-01
2.951141343430402344e+02
1.713798852467848519e+02
4.266127181113788538e+02
2.731266591050028225e+01
1.506476519798354445e+02
3.699610864776003982e+00
2.762947551551400807e+02
1.288701630150728694e-01
4.843985826016989904e+01
8.648317372202779296e+00
6.863957745161013690e+02
6.997926234259332432e+02
5.643489287719474987e+02
1.468732385372773592e+02
1.939103668006930117e-03
3.193067572463985471e+02
6.682395329935796724e+01
5.217984199925821258e+02
6.194147134106599424e+02
1.932437001340263144e-03
4.203006718910394852e+02
1.939103668006930117e-03
2.909538548920533430e+00
1.177212726566972734e+01
6.091146565823832404e+00
6.765328422503614547e+02
1.705369264466772465e-03
9.234125587377872080e+01
1.983864854786339740e-02
1.437601475456521116e-01
1.698702597800106143e-03
6.911736026402296602e+02
6.368522039662074530e-01
3.000014444946314711e+02
5.271741936856568812e-03
6.443663017227755745e+02
4.547872049028857333e+01
1.926770392772939782e-03
2.868801856051670818e+00
2.640952071836203174e+01
2.100234483415623372e-03
8.812426207577852555e-01
1.981175501356498801e-03
1.698702597800106143e-03
9.952022154767692541e+01
7.720234132636640823e+00
8.507529303585206648e+00
5.295231517058021531e+00
1.089567957430426759e+02
2.107363396114890763e-01
5.504227668711584795e-03
2.098163314684897175e-03
3.686772966595029288e+00
2.170152354104602921e+01
5.537001853520425243e+01
1.656891454462027014e+02
1.150896248778776823e+02
7.176726307934618490e+02
5.427910366800692971e-02
2.206445517262174150e+01
8.639153311807240243e+01
2.351356675913625693e+01
2.807483061595404479e+02
6.402463393783067431e+02
6.149887100559475073e+01
2.940575366257717178e+02
1.370452780943315352e+00
2.673273950771904879e+02
6.492123165300241194e-02
5.236687915185718367e+01
1.798234395185313028e+00
4.065341706669037762e+02
1.445082219016159686e-01
5.952289401353615117e-02
1.901816885944271291e+02
5.611210802125764303e+02
6.799577116746009786e-02
3.658004217633688882e+02
6.066895756135435249e+02
2.729421026629618723e+02
9.866110741578974341e+01
4.403278804260042989e+02
1.859862405571377906e+02
7.997643488199092099e-01
1.103679633209839466e+02
1.932437001340263144e-03
2.098163314684897175e-03
7.586353547020094368e+01
6.059429894039326427e+02
1.071968229690390046e+02
6.095939421115953110e+02
2.573456989566959674e+00
1.290912642267908552e+02
6.801405489625102518e+01
8.265599333570067264e-02
2.879403743690166217e-02
3.201250799652952850e+01
6.362592715590658798e+01
6.887607176043657091e+02
4.490124509833249533e+01
3.568789306691571905e+00
1.006704864089685714e+02
3.136258952991348714e+00
1.640566439323878853e+02
1.876247330399240241e+02
3.221616708774626545e+02
3.211614394562315056e+02
1.760220135302956805e+02
9.019464260033511760e-01
6.897296754473481997e+02
5.171850044238679098e-03
1.759090220623359254e-03
4.003742796418031844e+02
4.974667327451009555e+02
1.305965401170527862e+01
7.287267739837625768e+00
1.167976328919582727e+02
2.491236980088810782e+00
2.601978417149543361e+02
5.231540271234688362e+02
1.735209299273515526e+01
2.953713760993378301e+01
4.729812190965347440e+02
6.119999693425767218e-01
7.761593666857238283e-01
1.407138059741196230e+02
2.840840148217204320e+00
9.006921474311592846e+00
1.698702597800106143e-03
6.366651994886185939e+00
1.283750892980136484e+02
1.179266863894514614e+02
3.056777537142111356e+01
3.343435598964621249e+02
6.260673437097198146e+00
4.203021803143846213e+00
8.035004632203936126e+01
4.791578240781923341e+02
5.926902631139732591e+01
6.373586310953199829e-02
4.635405462149096252e+02
7.597807819502442328e+01
1.687703009095717466e+00
4.272146482771696583e+02
7.104576048372602770e+01
4.835133953333358363e+02
1.344444373667529558e+00
1.705369264466772465e-03
5.567594176324145110e+02
5.711542386411149863e+00
4.237570672738448785e+00
2.741803458454117504e+02
1.162656065964805663e+02
1.665484864271818140e+02
4.171868256875908010e-01
2.755009354061633164e+00
3.924646361082124599e+02
5.514605506516257805e+01
1.726005370342983611e-02
1.005234101975001977e+02
3.612009768797912557e+02
5.189922615702705144e+01
8.472099246188378174e+00
5.410535149506694097e+02
5.384299936227052967e+02
2.157617742062340369e+02
5.833676154333263496e-03
5.001948931758623473e+01
4.850732395345808134e-03
4.138606112447444640e-02
2.338293788654612371e+01
7.883897532090551330e-01
5.427910366800692971e-02
4.615161539683210634e+01
1.780962809755955334e+02
1.213560006747718489e+02
7.069989016870482645e-01
4.227353383602158488e+01
2.402409480303143233e-02
3.844373243422184032e+02
3.383533293166267413e+02
2.769720030873167502e+02
1.470375106736754560e+02
1.735699388146881572e-01
1.792964331406009162e-03
4.844763393474948998e-02
6.579499853030556285e-04
2.673549401507369083e+01
1.351703781536372446e+02
3.806384536932836848e+00
4.877616339393934197e+01
5.632966967819642150e+02
1.732021230158199421e-01
5.514379152347067929e+02
8.604516590488940153e+01
5.089680616331508531e+02
1.094928270285267402e+01
4.092630010773013396e+02
1.025359732507289010e+02
7.280978023483320385e+02
1.956429839451205577e-03
3.519534813883161473e+00
1.373414756086765443e-01
6.886672855685437753e+02
1.353282154847045682e+01
5.444293233468407607e+02
8.586746775900108375e+00
6.486374799359372219e+02
5.633301851362807616e-02
1.783973408667972294e+01
4.109735395348668021e+02
1.698702597800106143e-03
1.058284195646478310e+01
1.301775109973021038e+00
1.649555776051514044e+02
6.516119922022056699e-03
7.211175972466664641e-01
5.030509776404714639e-01
7.139586333609848623e+01
1.470390571088454976e+02
2.858495136477176679e+00
6.398939426184829244e+02
2.573392780943314584e+00
1.377338882894113548e+00
1.104375685246209660e+00
6.531191495410990644e-01
1.065801447855607051e+02
2.298250703229013538e+02
3.189175215587200629e+00
1.230736248611095931e+02
1.681972078993185562e+02
6.283563133183748732e+02
1.651126134927850160e+02
1.867816048250638301e-03
2.104776860501630063e-03
2.133230322900293352e+00
1.703151077190635760e+02
3.509265957634427480e+01
1.951452432876239849e-03
1.232107039049086694e+00
1.129806543559974952e-01
8.723898378078733629e+01
1.329653797605143097e+02
1.333566144625660144e+00
1.698702597800106143e-03
6.322903847620971618e+01
5.467571079041142639e+02
5.427910366800692971e-02
6.954895152055112248e+02
5.515733558210984822e-02
3.942350997695194792e+02
1.348425855913326088e-01
1.933484018031450944e+02
6.242102749119968053e+01
1.498055641528851822e+02
5.531455910036213452e-02
5.589579707107304785e+02
1.698702597800106143e-03
2.714889386992017535e+02
6.133424100716769090e+01
1.998817008006584066e-03
2.320387733809895678e+02
6.961871722366239510e+02
7.339415594174152346e-01
1.705369264466772465e-03
1.192088156067729159e+02
1.655732968677755537e+02
2.732549532975001938e+01
2.641159604814541950e+01
1.799536331663338160e+02
5.461768422017656803e+02
1.833532534603176032e+02
6.654611858584497668e+02
8.386833490027750315e+01
1.917196352555094740e-01
1.698702597800106143e-03
2.730501726278939389e-01
5.857235464169388024e+02
6.604202718779768020e+02
1.880646675455273531e+00
2.818440228651875046e-01
6.736866098677980119e+01
9.608781257970875345e+00
2.705293043902819994e-01
4.172756103869769417e-02
2.207466924772136796e+00
2.212558931860907876e+02
1.239063059480581863e+01
7.499473957961706461e+00
4.389230550561401323e+00
3.775834033840712323e+02
6.062873786832245742e+02
3.445753713341960456e+00
5.725288011214375956e+02
6.301694961556551107e+02
1.698702597800106143e-03
2.100234483415623372e-03
1.932437001340263144e-03
4.879538546778110220e-02
7.103156620149550236e+02
3.798879174764534933e-02
7.232074015052886828e+00
1.106382847758131618e+02
1.013664747330247451e+02
4.986029200019498830e+02
2.957337878321129665e+02
6.816204079074094579e+02
2.635762335407282071e-03
2.179924494229566108e+02
1.228739547426135204e+01
2.430198928251092912e-03
5.779191398872658356e-03
1.880763237648752693e+02
1.451400184718090181e+01
5.499229136827341602e-01
5.285437261472486270e+00
1.084018870275559099e+00
7.025735366583177322e-02
6.701087406188207751e+02
1.177535392574126547e+02
6.003286518377957126e-01
5.600781501260376416e+01
3.193599326041448876e+02
5.509056808705063304e+02
1.935885426134838173e-03
2.767967472691934745e+02
2.932613678780977011e+02
3.110347470883509935e-01
3.876627385203091194e+02
3.018106235601251441e+01
4.591350129890575431e+02
1.026497957014389062e+00
9.736491190128755591e+01
1.227668818819412921e+00
3.761192230931778013e-01
1.950989520712542290e-03
2.746058454763027346e-01
2.089554877868982601e+02
6.216347682054292818e+02
1.698702597800106143e-03
4.189427701464942544e+01
6.911233214519306784e+02
1.698702597800106143e-03
1.349101708094155754e+02
4.684646613797627879e+01
3.638206960443314983e+02
5.432090464394869400e+01
1.771610121816235335e+02
1.041097342589867054e+02
8.904052292748099173e-03
1.671319900272405619e+02
1.100950241178156546e+02
3.837463613452994196e+02
9.808460671332354108e-01
1.494361974809753857e+00
1.470472981788804312e-01
2.529493017329000493e-03
7.288584841744700782e-01
1.698702597800106143e-03
4.064207144910787974e+02
2.043061733796847426e-02
5.658644249872731962e+02
1.807378778182043959e+02
4.431433009455629985e+02
3.391946095051145562e+02
2.503650281163167790e+01
6.675271860738270107e+02
2.242682166796231957e-03
1.433627676508961635e+01
1.705264697538588043e-03
1.932437001340263144e-03
9.462303074630180888e-02
2.959331020120830047e-01
3.953319847820956738e+02
2.351884159887481125e-03
3.169085304296168193e+00
8.886202218115102358e-01
1.066939477958993576e+00
2.737960695622712706e+02
9.154403656233627729e+00
4.688870371229333228e-02
4.155875515062764869e+00
4.559347817108772571e-01
5.955585186641491544e-03
2.265770334673596412e-03
2.623829975179105389e+01
3.243851462139386399e+01
5.013026032959717782e+02
1.230665206926659891e+02
1.698702597800106143e-03
1.698985152528158585e-03
1.765082604466426631e-03
1.706568665555556379e+02
9.220034825072470142e+01
1.277310686822547758e+01
1.455328900648289736e-01
6.999803207030328167e+01
8.991519802773405345e+00
3.349812035119026365e-01
1.566994678252887638e+02
6.275628862963753818e+02
2.223131976840584834e+00
1.535241461830801768e+02
7.613221806493008614e+01
4.932559088150480306e+02
3.056380982696989008e+02
6.110708911120159428e+02
2.595838727289594416e+01
1.939103668006930117e-03
9.683561549692926818e+00
5.501957813800305817e-03
7.729199487873304797e+00
3.260541874132366758e+01
9.271873653578039054e+00
7.042628107329696832e+02
1.767750016069539925e+02
7.830124841658217885e-03
6.536735977801620834e+01
2.756581692833697320e-02
5.513297867205742449e-03
3.662709003722288799e+02
1.410156757878781377e+02
5.349859748764463347e+02
1.338485242992794966e+01
1.486659072939024995e+01
8.523020088259697369e-01
9.102398895681895752e-02
3.405576697690148080e+02
1.912909977232623345e-03
9.803117798043822972e+01
6.490412974364793399e+02
2.578233744724411736e+02
2.409450483010712636e-03
1.932422920738374827e+01
7.740422724818002109e+01
6.586029521036776941e+02
6.479366114276648325e+00
4.283503907379973157e+02
1.489093477573169082e+02
2.874367532240740886e+01
3.087279480587049596e-01
3.795714769260812886e+02
4.798623340611302801e+00
1.513080767169178102e+02
6.114140142601634125e+02
2.063986229077615349e+02
3.193513543536063426e-01
1.079962236880718507e+02
8.218180954064761679e+00
3.723135499369931267e+02
1.262037691426874773e+02
1.767652162512339288e-03
4.984470346276621555e-01
2.704638225069702973e+00
4.478666481867613625e-01
5.887825711111140663e+02
1.786651324732613233e+00
5.464117411480050350e+02
3.782969159746669696e+00
8.016322986764539138e+00
4.093993250040219323e+01
3.533798032273467697e+02
1.931130174517755620e+02
1.038722503611144674e+02
5.231956849802786564e+02
2.521173981789324614e+02
3.818665247790762152e+01
2.904993905557219591e+02
5.487866768454637167e+02
2.343129348894224222e+02
3.807373059452526149e+02
1.403350327809442035e+02
3.808616152301073043e+02
4.271895585753997082e+00
1.317631036818187056e+02
6.569412854032443891e-03
6.838313722331876399e+00
5.332395697736158979e+01
8.038767222131039603e+01
2.279879862858040269e+02
9.588744640738345026e+01
6.945948806001880360e-01
8.623403432313824624e+01
6.034259181365492850e+02
1.939103668006930117e-03
4.628147089990716258e-03
4.121694742645853182e+01
1.403152519550283639e-01
4.624497870266171873e+00
1.518028849856571105e-01
1.720883899402605218e-03
8.960280855923110721e+01
6.317264301894981600e+02
1.743309292501174568e+01
3.345545749874569097e+00
5.321788205090525992e+01
4.327313138530665810e+02
6.781022544479630154e-01
3.995468242623482524e+02
3.329276391875225727e+02
2.545481335057587224e-01
1.713419342571724556e-03
1.052612544254510896e+00
3.635469267354599765e+02
4.191766427180392718e+00
3.793670317010548843e+02
7.725354190319053682e-01
1.789846507799747144e+02
8.118419410326666030e-02
6.358919720585179958e-01
4.623328519910056116e+02
1.177698139959039025e+02
9.643354519375159839e+01
4.847723742308032713e-01
7.195591402871147579e+01
1.698702597800106143e-03
1.256058030346566170e+02
1.313796041428885175e+01
6.035274460330765020e-03
1.023498581467836601e+02
5.827617924663348958e+02
6.011336876425334594e+02
2.645865968582479799e-01
2.096726782396677972e-03
4.839071811061475046e+02
3.949256879750004146e+02
1.706132484778601554e-03
1.013375224592893108e-02
1.726005370342983611e-02
8.873730486177938692e-01
6.203020883374567802e+02
4.158627165141943749e+00
9.803848821585230411e+00
5.726098841798914236e+02
1.349243009566313045e+00
3.332318949030508431e-02
4.822495539689905399e+02
5.066073227761896947e-01
5.112886625002270868e+00
6.036117996639568162e+01
1.698598030871921721e-03
6.992973686963746331e+02
1.896813543536062519e-01
2.768945589741748758e+00
5.005939454753425935e+02
2.517886775810290203e+02
1.069331029296934632e-01
5.956722326071387670e+02
5.504227668711584795e-03
1.125720578838695918e-01
1.931622250948711490e-03
1.741084264191432283e+02
5.139443671224823262e+00
7.220844361990819493e+01
3.577219621774694929e+02
1.705264697538588043e-03
1.083390797503844425e+02
1.698702597800106143e-03
6.524527850486547322e+02
6.594125072752934358e-01
4.301097582090982613e-02
4.061383818176537375e+01
5.376639610531815379e+02
1.705369264466772465e-03
2.826114102098000857e-03
1.423617852244012205e+01
2.164778427543537589e+02
3.929507345246358341e+02
1.058223676913292888e+00
3.106548469810510582e+00
7.128112923278011152e-04
1.212684203977169445e-01
4.626660621913679279e+02
1.801552780943315168e+00
5.202268286006292541e+00
7.837364941071619739e+00
5.228357774533944848e+02
4.564650687694829401e+00
1.030993288521750770e+02
3.461428666162496484e+02
5.683740248954115941e+02
4.880033640611964074e+02
1.117489852677898057e+02
2.134581557407413754e+02
5.326288505762568093e+02
4.017336798538282210e+02
3.999899337816713114e+02
1.038772435011388211e+02
3.505694721190658392e+00
1.004736073913336192e+00
3.627718463305143803e+00
2.730889914957251676e+02
1.829003024426890001e+00
5.534530032327827485e+02
1.705369264466772465e-03
6.847975180514223936e+00
1.226679584594859662e+01
1.333306781828917167e+02
9.054550389840406055e+00
5.303078298663712076e+02
1.097151420666799604e+00
5.971941822506009885e+02
2.608778034995408390e+01
5.095385698336830274e+02
1.257987312243522950e+02
1.177013414739210617e+01
1.942924990302996677e-03
4.190402334000601741e+02
8.475668079141063060e+01
6.840318196899008107e+00
1.987963903229016296e+02
2.500994582258811647e+02
5.887844254798827706e+02
3.364688948108485533e+02
6.377773446068077057e+00
1.187415565164583953e+01
1.898354242083604426e-01
1.181279818077875277e+01
7.200726485166807946e-03
1.387855345979479296e+02
2.872194690145055347e+02
4.459499487603051904e+01
3.116888485144358469e+02
7.724330938470560515e-01
1.146259671366256470e+02
2.211941085321929563e+02
7.165754307310052127e+02
3.010924745661641850e+02
6.594471884911018833e+02
4.599141618398212561e-01
5.991318372173635304e-02
1.986723575309369050e+00
1.707357796698610137e-03
2.769583698711950319e+02
1.583959069353892135e-01
2.782952864927915826e+00
9.368113279325757503e+01
5.112966261539561401e+02
1.270919545500769203e+02
4.366015558749204502e+02
5.559160190329363331e+02
5.862135037095634260e+01
1.612276843989178587e+01
7.065345544876282702e+01
7.253783318930845381e-02
5.973479690643246443e+01
1.409075549856101439e+01
2.793493528324373187e+02
5.645865761547022403e-03
8.498005467484867381e+01
2.538166799250840313e+02
3.190707593575858869e-01
2.153030949354070689e+00
1.081119876530947153e+02
4.941387209742393455e-02
3.303622257416374168e+02
2.191221353066996336e-01
6.392566189735413218e+02
6.120799513421185667e-01
1.444271220703809755e+00
1.193552859824580148e+00
3.239143929329646454e-01
6.712601167672064548e+02
1.930575135453602043e+00
4.199998401944306931e-02
6.450476265327046121e+01
2.892748410617001582e+02
4.800159954893657224e-03
1.759090220623359254e-03
3.208265930360886387e+02
2.817969724386179889e-02
2.392003199620710916e+02
3.655048342894215807e+02
4.225093674004027355e-01
4.454404027260637235e+02
2.330722129689717925e-01
1.943443545523189766e-03
5.251830389475527454e+02
3.830971793621523034e+02
3.681502623289617526e-01
2.290170358955735992e+02
1.423630722074267965e+02
2.224621185695813963e-01
1.552339678312769990e+02
1.792659320512763081e-03
3.567380379938298773e+01
1.507383880532555120e-01
5.939603604955315177e+02
2.817386880002086258e+01
2.418550826554147822e-03
1.367568948199336774e+02
4.599873833312287275e+02
1.144618382647134425e+01
1.706805796754991235e-03
2.100912556674642932e-03
6.858686005964120813e-02
1.211524716535058843e+01
2.798147512258971688e+02
1.244757701567773722e+02
2.959844514290080610e+02
2.691994733393320516e+01
1.436966549037327638e+02
3.258678074884747389e+02
1.942552092801504929e-03
6.060258072716867161e+01
3.864415036561173906e+02
5.068532717564989412e+02
9.895930204976724553e+01
7.348309738311009642e-02
5.739199094880353957e-03
8.520064984634376573e-03
3.272055497312934591e+01
8.815046215973357135e+00
9.239495418980044406e+01
1.705369264466772465e-03
1.640111740744387703e+02
5.323547641408710618e+00
1.717435474608029972e-03
2.507619783968717542e-01
5.440034380808079959e+02
1.705369264466772465e-03
1.064395976721764896e+02
6.368875522350641916e+01
1.698985152528158585e-03
7.048378326575273150e+02
1.756868966243723662e+02
3.921876373275570700e+02
2.319994779589943656e-01
7.973815278134945572e+01
7.329940134633929072e-03
4.543956401060444819e+02
8.510717396056893591e+00
2.755306026384504321e+02
4.488359277220642980e+02
4.981700350353938234e+02
9.947908259071490053e-03
8.628713446095237494e-01
1.706805796754991235e-03
1.547029740217514479e-02
3.083196211708526562e+02
1.972355174206630590e-01
3.844076548844854102e+01
8.051006144625665328e+00
2.296196157734711107e+02
1.698598030871921721e-03
5.562921469402215280e+01
2.663122573424527104e+02
2.646241013154214272e+01
2.148565074607352017e+02
3.209334058141962709e-01
1.593043029888329087e+01
2.312793386905217830e+01
6.991068699916511142e-02
3.731824329846504251e-01
3.822235782399667414e+02
4.963435275838983252e+00
1.131650543497521824e+02
1.698702597800106143e-03
1.475025833158053103e+02
6.122581803143844148e+00
6.728112923278012272e-04
5.696952116420349910e+01
3.143075207452624795e+02
1.311652985716225430e+02
5.942180103882657960e+01
4.340121064239326643e+02
4.032461972434459341e+01
1.040169742956041921e+00
2.566411404805010648e+02
1.395037043982631815e+02
2.043911947172564965e+02
2.481979695499277050e-01
2.010152481721836359e-01
1.214031488110064743e+02
1.698702597800106143e-03
9.821729565500209702e+00
1.151994637050473358e+01
7.347505409358001316e+01
4.269745312828032269e+01
7.196580813558410838e-01
4.172843700227275008e+02
5.133150738303576190e+02
1.698702597800106143e-03
1.333917913214015449e+01
5.288686513158203297e+02
1.702151022594680738e-03
6.662581677242134219e+02
8.248754194703765563e+01
2.256950510533253684e+00
7.237114531509685378e+01
1.682427094346254819e+02
1.388079582497868669e+00
1.705369264466772465e-03
4.568898383829291561e+02
2.748757239023651096e+02
7.200726485166807946e-03
3.747000829537639106e+02
2.296570118536589346e-03
8.351550539763639980e-02
2.923502108842943130e+02
1.240700596951791539e+02
4.781051842982480480e+02
7.117957765479511201e-01
6.989861641585714835e+01
6.751158605623272706e+02
1.713419342571724556e-03
1.568044586491841699e+02
4.222733045994928047e-02
1.461572045538334805e+02
5.919859568832184777e+02
7.179301288959868543e+01
2.850963021262045913e+02
3.337594903257520969e+02
2.197841603030302906e+02
6.249126554031052549e+00
6.544481297494314731e+02
3.291668252365581679e+02
1.932437001340263144e-03
4.370777217228067890e+00
1.755914573794956990e-03
5.864726342625352800e+02
2.100234483415623372e-03
4.123113463247747745e+02
2.781011209106919679e+01
9.769425701162998132e-01
4.732406179980560346e+00
1.698702597800106143e-03
8.682720547462801086e-01
3.991818047347818066e+01
5.706639452057037261e+02
8.472455114414430000e+01
9.703408818440927064e+01
8.568197237770941399e+01
7.224913885470945374e+00
8.378862597639940191e+01
1.122222211361983852e+02
1.785846102694238269e+01
1.471115928782909599e+01
3.269229412836119897e-01
1.172318498852532009e+01
1.932437001340263144e-03
2.196464524710936561e-03
8.159074805408768327e+01
1.315471566261720398e+02
4.666755158363235978e+01
1.705369264466772465e-03
4.895240169405475905e-01
4.146560589639236127e+02
9.459919719832546314e-02
3.798148578999695907e-02
1.932437001340263144e-03
1.071178403214692736e+02
3.358438368288860829e+02
1.254041670988128629e+02
1.121984204816018433e+02
1.184215216373699917e+02
4.574127527806228777e+00
3.348658328808932083e+01
2.927815488075582380e+02
1.938999101078745695e-03
6.710321598283230742e+02
4.868286310566382724e+01
1.215185101356594259e+02
4.996687658720180139e+02
8.963036898757169979e+01
2.184571900839457612e+02
1.205623764873843262e+00
2.671401698072602926e+02
5.397229213518522783e+02
2.104672293573445641e-03
5.378595652862972365e+00
3.456061356871334738e+02
3.549453810388222905e+02
3.177534638567553138e+00
4.772411062985975150e+01
1.435626079482965056e-01
5.565168733936243370e+02
3.312730712413968490e+02
5.957613673510110175e+02
2.431144888888886726e+02
1.947580137065703159e-03
1.099107416941525344e+02
5.568726965445644055e+02
2.386895112678460507e+01
1.720883899402605218e-03
4.677990989860169435e+01
4.089855884651666429e+02
8.310299861859432369e+00
2.319966468239780533e-01
1.312521048419734093e+01
3.654342622254781077e+02
6.839347891669444834e+02
1.725485925517045438e-01
2.101039793260354397e-03
1.904919853415203477e+02
5.201664579583723663e-02
1.192071036282824110e+02
4.505617715584513121e+02
1.698702597800106143e-03
2.250025020798136332e-03
6.328112923278007970e-04
5.244346963297683715e+02
7.480601957461107121e-01
1.706805796754991235e-03
1.037515135954920140e+02
3.162000855085880455e-03
6.796635477210185172e+01
5.813750165083019965e+02
2.010393060722119003e+02
2.602606970982081407e+02
5.863874440740769387e+02
3.020190289800466417e+02
3.294548447990610498e+02
1.401382847127892717e+01
1.705369264466772465e-03
2.240674909282511056e-03
2.376187566172653831e+01
1.491535620464838674e+00
5.730440696934049072e+01
1.682946406076341717e+00
3.810499074160125019e+02
3.636526339649394401e+01
1.922115477451537231e+02
2.148755179528295464e-03
6.155481592713512100e+02
1.012940200499741136e-02
1.949987100670245965e+01
2.367919321965021862e-01
7.386320826133199091e+01
3.428497479154207599e-03
3.831969448048806726e+01
1.695177781081838759e+02
6.158174546971928294e+02
4.372326034509135866e+02
1.398747769895675503e+02
6.706578567743808605e+01
1.698702597800106143e-03
1.379661803143843901e+00
6.099999829872739383e+02
2.637087452010703714e+02
3.029508068440061042e-01
1.267806589886613438e+02
2.224798692908717956e-01
1.819507739613779984e+00
5.229534544559909364e+02
6.645381748470121011e+02
4.767239730456855682e+02
3.895525026344922139e+02
3.794315684204326544e+02
2.657324258571429141e+02
8.199273051454080985e+01
3.555181292519910130e+02
3.551624500530878237e+01
1.746391246548935783e+02
4.640677819980133734e+00
1.727923463570763722e-03
3.612360848594354934e+01
5.603916942400860926e-03
1.265249263144615668e+02
2.947854140380995318e+02
6.402923634414526077e+01
1.283483836079741813e-01
2.662560922951849989e+02
5.403832497763022502e+02
6.161118174026677252e+02
3.077222737740429466e+02
5.568701618561552359e-03
1.601306696837280086e+01
3.862436847259681940e+02
7.866488207338287464e-02
3.372696862514280838e+02
6.988124453174610835e+02
2.555360455961565691e+01
4.074969692619506532e+02
2.086687232481060903e+02
2.133790358333849326e+02
1.145318359349546533e+01
3.453213831890914776e+02
3.653167762546114545e+02
1.159106981423822162e+02
1.932437001340263144e-03
3.621297683461803558e+02
4.170536918471550081e+01
1.737214901921923627e+02
2.165485397613948690e-03
5.146489057500559738e+02
1.706805796754991235e-03
1.868373166861541890e+01
3.205844950912683657e+02
4.763432434444459318e+02
1.637739105111233755e+02
4.095438831349185307e+02
3.132087712724009737e-02
9.439065594167207962e+01
6.308751225950879871e+02
2.671734895305812643e+02
3.068493551246291862e+00
2.691480928696717001e+02
3.908225995455615589e+02
2.919609612853522549e+02
1.717255117172384639e-03
3.759669024231734369e+01
2.289024061142773405e+02
2.346226417718353264e-03
2.587403738888874614e+02
1.985344092501677756e-03
3.741115170759416486e+01
6.662207152710485047e+01
3.918724484422182286e+01
6.320666675639598679e+02
6.878269280512458863e+02
1.051226916793740820e-02
1.845098301021586895e+00
4.819926408534148976e+01
3.677714087265193399e+01
6.242337746659172808e+02
1.698702597800106143e-03
3.823447770871003968e+02
1.338083772069998956e+00
1.116044760482229892e+00
1.716584112889678326e-02
5.302670399994608488e+02
2.055494427406746283e+01
1.939103668006930117e-03
2.268446194511796410e+00
3.011723381961581292e-01
3.925391892575908059e+01
2.213980496665972453e+02
2.400503100870823747e+00
3.168797132036833020e+01
2.447262155225504046e+02
1.603942517896295783e+01
1.847798222565498472e-03
1.694819838734850634e+02
3.069314840704537914e+02
5.583891132285510821e+02
2.600470581722585939e-02
1.155964262580745938e+01
5.127094621698763888e+01
1.855760462253908543e+02
1.878724726229262956e+02
1.540755816656233037e+02
1.932437001340263144e-03
2.871652730368067452e+00
2.601215136477178724e+00
1.537622549625181421e+02
3.035398108756283477e+02
2.100339050343807794e-03
7.983800042488002191e+01
2.261955865122856721e+02
4.223513203975890917e+00
5.212010214603183158e+02
1.665589339051312722e-03
6.450622062846321114e+01
1.698702597800106143e-03
2.293830742671999490e-01
3.935187663897775678e+02
2.081878399025688253e+01
1.748677288198901003e+00
5.640759846294308772e+02
3.237318045041999994e+02
1.069427599720711584e+02
2.738041471938423115e+02
1.506068440558856192e-01
4.189808406256423154e+02
5.437695127502883530e+00
3.981174213814613836e+02
4.631047774509305937e-01
4.423184725881673103e+02
5.928260086853057373e+02
8.253530477447664282e+01
1.297846133207332642e+01
3.801012750876172408e+00
1.932437001340263144e-03
2.258848675682813018e-03
2.908403160412858597e+02
5.858493770946672008e+00
3.092831926735502557e-01
9.821266299273368361e+01
4.879629849194197391e+02
2.901305229842705558e+01
3.971420956757187355e+02
6.236540990967731659e+02
4.138606112447444640e-02
7.967207481672048175e+01
4.149515482394656313e-02
1.193569339665064177e+00
2.051577325907864235e+02
4.934680454016598219e+02
3.562550258768452522e+02
3.800254407495568670e-02
2.104512959285712270e+02
3.499050245117583946e-02
2.573392780943314584e+00
7.544586716686499983e+01
2.816968539653685752e+02
7.035971073412671331e+02
4.717370552593698676e+02
4.284203929760531659e-01
1.414832993302868260e+02
1.543258868408838580e-01
1.759137632399764062e+00
3.937646483689163119e+02
1.957751630368899498e+02
4.508331734699576714e+02
1.708817689261347712e-03
1.951169878148187407e-03
4.010498032677676292e+02
1.865971988965800001e-03
3.615188531028617263e+02
1.830366824705386932e+02
6.794598301413925583e+02
9.019720327176530716e+00
6.579387075145850758e+02
1.867816048250638301e-03
9.970598548469924438e+00
1.877255494740649624e+02
3.446726548070478541e-02
1.659208577283718853e+02
5.178662488176301082e+01
1.261569728293151060e+00
2.412526596978332716e+00
4.426754667421017189e+02
5.001248806282225789e-01
5.604287901294441099e+00
8.264583764873840721e+00
1.107890638163789099e+01
1.012921225551828108e+01
1.593283134155859102e+02
1.911047530458857314e-03
6.457100694174673663e+02
3.573190765042208450e-01
5.216950122194200503e+02
2.428949909063306614e-02
2.207853732236644078e+02
2.290249560547821090e+02
5.976965890083371278e+02
3.686822215767620037e+01
3.571156136248229132e+02
2.289124168368864877e-03
3.337707689993086433e+02
2.769793865787548839e+02
1.366248635843942294e+00
7.233428168314108564e-02
2.589660959422784181e+00
2.467469292795755435e-03
9.044752589335522397e-02
2.934255853687620785e+01
1.218633409103737932e+02
2.965469242630616620e+00
4.923660989289329465e-02
6.734066902867660929e+02
3.316862268924464985e+01
9.591117074167714307e+00
1.550958171515753747e+02
1.333486144625660064e+00
1.864624843366751463e+02
3.367105351692285087e+00
1.388616546597005481e+02
1.481575989652272085e+02
1.344679614610194847e+02
1.213562275637974919e-01
5.427910366800692971e-02
1.932437001340263144e-03
3.106468469810510946e+00
3.325349731820164152e+02
1.256384429748532838e+01
7.110309300185142547e+02
6.745992773679647392e-02
1.713314775643540134e-03
1.911047530458857314e-03
2.856744418933990559e+01
2.861906601073288883e-02
5.265377969080276443e+02
5.481853905576140278e+02
5.324539653887444546e-01
2.702147133730989026e+02
6.172805052200847058e+02
3.084451581206538728e-01
4.693774730542504159e+01
5.778888368569628196e-03
1.897761511027599113e+02
3.400937098207177822e+00
1.077810179732525790e-02
6.578159578658672046e+01
4.384140343159556252e+00
3.238301924138590238e+01
9.045910322900288847e+00
1.098427384206404689e+01
6.149060698754054783e+02
3.109774388744597218e+00
7.734944327499519545e+01
6.784477567763702837e+02
1.010910790327459523e+02
9.319885384236686221e+00
3.123717344031991274e+02
2.196359957782752139e-03
4.365082282922674608e+02
3.804247205319745149e+02
1.776648652523883243e+01
5.075606524930514070e+02
1.174340863895132543e+02
1.556892454671365442e+02
3.324283081036222711e+02
7.017471905781166015e+02
7.251422411513233328e+02
1.012940939172934755e-02
3.899105201494374590e-02
6.353114659966649924e+00
2.449124168368865730e-03
3.058299713432466547e+02
6.908715754681887233e+01
1.963322417706512226e+02
2.400028020855978550e+00
7.401131540791240360e-01
4.284203929760531659e-01
1.398940796043912811e-02
1.257163585472086531e+01
2.996107167126568243e+02
2.425087033057684778e+02
6.611791029353147451e+02
6.620402033249843388e-02
4.788741468239678767e+01
2.498167035700661245e+02
6.675631560377752294e+02
2.840438238156922353e+02
3.782325876529097286e+02
9.880688397883643859e+01
2.142195136477178963e+00
5.824348226665279071e+02
4.666715200676031827e+02
1.123615770523454813e+02
2.864216654769956563e+02
5.033249923941558990e+01
1.421035026521488760e+02
4.387108468786949267e+00
4.182706436906003091e+02
1.939103668006930117e-03
4.944028177228817640e+02
2.893027068493398968e+00
1.705369264466772465e-03
5.603916942400860926e-03
1.955868383391402432e+01
3.106548469810510582e+00
4.183141937908042784e+00
4.931103252352844493e+02
4.771453850474652825e+01
6.178055336102548575e-03
8.171544967779846402e+00
9.876419534513948406e+01
1.698702597800106143e-03
1.447531965599871384e+01
5.194425079322078318e+02
1.612754902618259223e+01
3.696525218179770036e+02
1.371393751666740002e+02
4.417688779570305702e-02
1.053692849323934588e+01
2.224616288730164229e+02
4.693186620242503295e+02
1.932437001340263144e-03
6.595718293669287746e+00
6.642128424444445045e+02
1.932437001340263144e-03
1.700755313313533135e+00
1.985897614181642723e+02
1.698702597800106143e-03
2.087563201291616988e+00
3.652280844488269622e+02
5.371208483577929016e+00
4.391136600963722003e+01
7.182044583679751959e-01
5.827128772749439189e-01
1.714075909443527447e-03
1.699924018932846620e-03
1.545256726959475486e+02
8.620438452223112336e+01
6.495952225663650097e+02
8.338480434748888115e+01
4.850732395345808134e-03
3.433172040654920920e+02
3.770763723273166251e-02
1.678214409086485892e-01
6.725294633405522404e+01
4.351363868645697863e+01
5.743373124030232667e-03
5.680886733858535536e+02
1.583598420921860539e+00
6.239915223209209216e+02
2.980151110366769558e+02
6.877647616969667297e+02
1.918715348757712436e-01
5.564227668711583218e-03
1.155348295300063111e+00
3.083947305984457330e+02
1.809331806661675479e+00
1.910432334110156916e+01
1.425724328112931687e+02
1.579955386535870048e+02
5.616084877452432522e+01
8.943404443969866691e+01
6.432086052067112405e+02
1.475372749666592540e+02
7.373260092643414421e-01
1.533550973935918194e+02
3.702574836408317651e+02
3.413183848188739375e+02
9.700049661779955201e+00
9.484703240132608570e+00
1.932437001340263144e-03
9.529549385876059375e+01
2.096779903246611624e-03
4.185491377218134517e+02
1.555528289453075752e+00
5.437599516058534164e+02
2.358363265444744505e-01
2.400421614689563228e+02
9.005677875385598163e-01
8.681826020503800173e-03
5.713783370162437905e+02
3.934110431540511321e+00
6.922936907877050317e+01
1.713419342571724556e-03
6.020520413373045585e+02
7.109486062488153379e+01
1.783527496031750204e+01
1.194725803413560357e+02
1.803839143343496099e-01
1.095369404658645607e+01
8.465861142766467617e-01
8.142223028397403084e+00
2.676019585390261568e+02
5.167122603663892733e+02
7.112228064316236669e+02
1.948509188535365695e+02
2.091016361371751842e+00
8.106820997445682409e+00
7.243433312221129654e+02
2.377678975417733653e+01
1.674440763929602838e+01
1.605747051276170794e+02
5.510688453968891736e+02
6.675727167314403232e+02
3.250136527067420289e+00
2.043911089221841451e+02
4.484045672831705076e+01
2.739630662801672543e+02
6.712611431317383222e+02
1.698702597800106143e-03
3.822888755206529368e+02
1.048801202195329907e+01
3.190982795594296704e+02
1.480535540345537981e+02
1.436020926931215911e+02
3.771729810336921923e-02
1.926225085405096706e+02
8.563409211437477353e+00
2.545481335057587224e-01
1.421867713345426694e+02
1.934095197645788389e+01
5.725973446541755152e+01
5.525858248177004270e+02
2.349943283761048818e+01
3.445526484838534884e+02
6.006633765464450789e+02
3.382395024846176490e+00
1.527290873097881629e+01
1.698702597800106143e-03
9.778151585674489388e-01
2.010041195407303007e+02
2.417092056735835381e+00
1.780771548407660987e+02
3.035078499936401109e+00
1.804951528112939059e+02
5.093522401152454222e+02
3.315822114071590363e+02
5.298548907809431512e+02
2.148791260511970225e-03
1.314652227231083659e+00
1.180265060948710953e+01
1.053235602980940371e+02
1.698702597800106143e-03
1.698702597800106143e-03
1.932437001340263144e-03
3.101400155623528221e+01
1.170827455845014953e+01
6.262979112928062975e+00
3.069377201039893635e+02
6.351323644387807121e+01
5.707900294929513620e+02
5.969790051560860320e+02
5.271631111455010732e-02
1.426017598360645122e+00
6.862274339265867411e+02
3.882597620039959452e+02
3.613545372217568570e+02
5.656680776071875698e+02
4.064453496433988562e+02
6.997377030015319406e+02
3.060679485292927549e-03
3.992712589589484651e+02
7.983642709716823660e+00
4.309563332276952679e+02
1.932437001340263144e-03
1.733937157857669623e-02
1.738311391939431871e+02
3.150682428555840602e+02
5.470894335378249929e-03
1.932437001340263144e-03
8.177672343879717687e+01
1.759952157684225540e+02
4.281711206820625648e+02
6.360451246512409398e+02
2.010136084308861582e-03
2.104557985816134931e+02
2.408295910861002476e+00
1.181557040987082452e+01
1.938999101078745695e-03
1.906199691964415166e+01
2.529112911746035053e+01
1.966157257058157484e+02
5.833012425798094682e+02
1.876056849182999642e+01
1.775353553330648424e+02
7.626626620381214972e-01
6.308774904794597660e+02
3.788070605363583354e+02
4.677465510350561999e+02
1.867816048250638301e-03
1.764261621601360730e+02
1.379663764873843901e+00
1.092402260526333890e+02
7.130295856356573259e-01
1.706805796754991235e-03
1.904679084698117890e+02
3.141180786443668893e+01
2.274327881314343713e+01
6.780021796035484272e+00
1.712859343998130726e+02
4.853271252608005737e-01
1.932437001340263144e-03
1.017022878312683929e+02
3.182688510971316376e+01
3.339935354184979666e-01
1.939103668006930117e-03
1.710412908567760237e-01
3.803303980930330397e+00
5.213591892618392620e+00
4.948401935452879457e+02
1.106300220198458959e+02
3.718871172108197243e+02
2.713528855132254876e+02
3.103378838673527298e+02
5.043150758096806401e-03
4.172756103869769417e-02
2.120890902524591297e+02
5.851540368082363761e-03
4.956868548261389265e+02
3.090452338694115397e+00
3.294637602073885319e+02
1.698702597800106143e-03
3.770143572320785097e+01
1.932437001340263144e-03
2.311296104508070437e-01
1.585520738537491923e+02
1.544604969389109783e+02
3.567935237316009420e+02
4.000953903547203936e+02
1.698702597800106143e-03
6.818332253157199148e+02
2.651524481929574790e+02
1.933658422473003837e-03
4.371304003982903197e+00
5.243178898517321613e+02
6.892446433756540536e-01
2.450241936841661072e+02
1.608756829741213892e+02
1.698702597800106143e-03
4.458202633161586448e+01
2.334008093496705385e+02
4.181167608308331864e+02
5.000523062431136978e+00
2.721293377449226796e+02
1.705369264466772465e-03
2.911411950439840979e+01
3.091128909591026641e+01
6.982587614712994082e+02
1.994968139033194277e+01
3.134127809433140399e-01
1.932437001340263144e-03
4.882131128025986868e+02
1.801616989566960036e+00
1.967935757574776432e-03
8.780179472060238410e+00
4.663871043222853245e+02
3.132523499641666476e+01
1.961657867110920724e-03
4.394191162056103508e+02
4.222379252039661424e+02
3.380739529869607907e+01
5.100583352036268536e+01
3.598784830509940207e+02
3.740541774609466756e+02
2.005383764873843511e+00
4.725389831111132821e+02
3.063423865137189068e+02
1.266155266594111453e+02
6.086345015268487941e+02
6.785818047383929752e+01
2.332129356853930702e+01
7.445310729390230975e+00
3.021689540151346165e+01
1.943548112451374188e-03
5.073465710374554760e+01
7.174529855121219271e+02
3.777321056825876440e+02
7.376049469735478397e+02
8.637148516775580731e+01
5.420519072180987608e-02
4.613044981832823055e+02
6.832655884541069327e+02
3.244015785233290217e+02
3.394012221770484530e+02
2.049278771889834871e+01
9.162454254655938257e+01
3.666437318668303647e+02
3.144168537234426708e+02
5.616311375000978323e+00
5.593560107996678425e+02
5.701574442824608013e+02
4.474234522653507611e+02
2.801608553969456494e+01
2.323993814742655957e+02
1.698598030871921721e-03
3.511115843049034879e+02
5.427910366800692971e-02
7.264631208413580010e-01
3.291842207359403574e+02
1.577540588853870531e+02
6.300661800525941771e+02
6.178055336102548575e-03
2.541560000086584381e+01
2.446143943647374286e+01
4.006327829547677197e+02
6.244112995987138675e+02
3.425560563079496035e+01
2.758008238216788044e+01
2.890629411168521870e+02
3.774498869681370411e-02
1.385073482813832868e+02
2.249675346397870612e+01
1.316998124631086853e+01
1.270766105493986720e-01
4.151123755170351615e+02
3.670516920528389626e+00
3.003719586192460511e+01
6.580149216125324756e+02
7.095214884451223725e+02
2.086286074353775533e+01
1.698702597800106143e-03
5.359983270472193908e+02
8.665029057505515553e-01
2.098163314684897175e-03
3.122795527607215149e+01
8.355354290631026970e+01
4.199998401944306931e-02
1.698702597800106143e-03
2.258848675682813018e-03
1.247596281795135154e+00
6.513045753202139565e+01
8.003556248004527474e-01
5.746699971811007117e+02
6.273762539830594724e-03
3.134470322900291706e+00
6.298408469810510724e+00
1.583931353714384898e+02
1.555975666952812162e+02
1.868745841319353063e-01
1.723132291714497555e+01
5.877655179720659362e+01
3.459332426539858716e+02
1.939103668006930117e-03
1.068960000111593267e+01
6.505711056101090435e+02
4.470059212335250436e+02
1.030907283841604105e+01
7.459340609078209638e+01
6.689079310095311826e+01
1.908101245691496217e+01
1.596930667209906396e+00
2.413967473459688406e+01
3.051084462307513263e+02
7.947207236602242819e-01
2.113781249478471069e-01
2.346048339470615997e-03
2.870740361342947367e+01
5.528511468389068568e+02
9.363459880674161739e-02
2.088541618031448479e+02
8.291965628318155268e+01
4.715230705248062293e+01
2.355203045652193516e+00
5.648350826696654536e+01
5.267043928139152342e+00
4.497020390325007888e+00
4.770727777351439075e-03
1.182696832161678486e+02
5.275222690191510022e-01
3.606793874806356826e+02
1.698702597800106143e-03
4.237939819636455923e+02
1.842579868634419693e-02
1.705369264466772465e-03
3.304105969127849107e+02
1.953219404438472395e+02
6.587327643980395919e+01
1.705369264466772465e-03
4.672862767755440738e-01
2.088211175836587885e-01
2.273661384434499597e-03
2.786411369883589941e+02
9.301401764127238891e+01
6.641599619373583892e+02
1.932437001340263144e-03
7.403586819047626477e+02
2.139498337467570934e+02
5.970306480910197422e+01
3.586124436538427496e+00
1.552953716490493470e-02
6.874469133968223105e+02
3.184812192929350472e-01
5.481194744579388356e+01
1.878304037213370751e-03
3.141528753799461811e+02
3.466181999907721547e+02
5.817159677446501753e+00
4.566897578982225814e-01
4.993508496825401153e+02
3.319276555164271336e+00
4.842096726808282209e-02
3.825566675353068717e+02
1.082849351752027616e+02
1.932437001340263144e-03
8.931123584006452631e+01
9.900487164641785398e+01
6.043884708888874684e+02
6.725107066373249565e-02
1.663389142893544406e-02
3.697764269496872203e+02
3.852661309918131161e-01
7.044754149055974801e-02
3.484942811016506994e+02
1.743107314126096981e+02
3.360714599637541369e+02
2.767277405993525008e+00
4.333835315065485361e+01
6.959567415257466791e+02
2.981236418371917694e+02
1.757544335646835520e+02
1.592995877635654551e+02
4.336809530903111067e+02
4.532010537118797515e+02
4.087162748750585592e+02
2.775535897826811205e+00
4.960506354216287264e+02
2.601215136477178724e+00
4.388829574565152569e+01
3.453403143980788741e+02
3.366518438556584947e-01
5.530253618181045567e+02
1.341239949931224373e+01
1.333566144625660144e+00
1.722189236964952954e+02
6.736633479047658284e+02
1.926770392772939782e-03
5.862251853308159122e-03
6.647830321986516537e+02
1.612887105419151794e+02
4.506494901724811371e+02
1.698702597800106143e-03
3.301708498209970366e-01
6.903702976747081266e+02
2.402409480303143233e-02
6.630001270799676831e+02
6.812658624781296339e+02
1.334169126025238370e+02
4.907656261604333159e-02
6.604903411715197308e+02
3.770906280925158394e-02
1.911688556099882651e-03
6.611207596862853961e+02
2.927773168547813611e+02
7.120184013970933847e+02
1.125155422541072453e-01
3.293164667085988345e-02
4.133150281423694850e+01
1.584999726931239934e+02
2.435054286220916424e+02
5.298873409529548245e-02
1.670033404880754233e+02
5.676461228698073000e+02
6.718601978900907170e+02
1.316417073270925164e-01
6.763343519197694498e+00
3.148439186468112538e+01
4.424982134300760706e+00
3.211986212512022121e+01
1.683486285765781645e+02
2.754604116953505510e+01
5.895585186641491386e-03
5.742409141754402526e+02
1.580443175589902813e-02
4.157207793411273222e+00
1.207271950514672509e+00
1.600152811292327337e+00
1.077365851111200951e-01
1.932437001340263144e-03
4.237672220553474745e+02
1.620517490045158548e-01
3.815349689605301364e+02
1.655064187900830746e+02
1.198769753365780986e+02
1.705369264466772465e-03
1.324222291467120227e+00
2.921119117213664822e+02
1.042145075532043164e+00
2.161136131909247547e-03
3.466477497260253244e+02
4.842018247028689615e+01
1.416430862036480998e-01
1.859723983557876603e-01
3.695597152143948279e+02
4.090797465509138675e+01
5.061759165222713932e+02
1.905777772614738126e+02
1.216919202974529668e+02
1.705369264466772465e-03
4.639595575555604228e+02
1.916921032186368024e+01
5.704086959466527418e+01
1.111398101007592676e-01
4.770104135022652514e-01
2.690193260834361499e+00
4.146671452630461658e+02
8.485845184596705337e-01
1.857752811292328499e+00
5.508922924384097343e-03
1.367294058511611183e+02
1.711382890534872558e+02
2.025582210542864026e+00
3.389474123274918611e+02
6.149219172483025204e+02
4.439980986826321327e+02
2.794774452724124281e+00
2.367519321965022017e-01
6.025516297054903658e-01
2.648653561962513447e-01
1.707462363626794559e-03
4.879538546778110220e-02
5.206618462825935012e+02
2.485634170947453262e-03
5.228620100649393407e+02
3.568402954618472336e+02
6.180039879242387997e+02
1.693037533091222997e+02
6.408659109610617577e+01
1.828241974923136013e+02
4.141079657301291461e-02
7.724954190319054392e-01
1.705422385316706117e-03
8.128707466704472584e-03
5.475437879201624582e+02
1.932437001340263144e-03
4.143973003091434154e-02
4.306579229425773860e+02
2.830792811292326849e+00
5.601517280485497849e+02
4.376258752417831488e+01
2.660366603122180607e+01
3.671672632234711955e+02
3.299029056010166414e+02
6.031668901911893954e+02
1.115741202537775649e+02
1.572493729107452793e+02
1.705369264466772465e-03
1.612317296339599295e+02
2.232255911834831466e+02
4.243881305234220136e+00
1.242624358047643013e-01
1.518576908642701451e+00
1.709190586762839026e-03
2.383171024166034897e+02
1.099729210360862766e+02
3.081781644123028130e+00
1.392956843532032565e+02
2.899397276949389948e+02
1.555487034627663245e+00
6.945035595068720369e-01
2.253230241976035941e+00
1.939103668006930117e-03
1.147550254629575939e+01
7.872766468239779103e-01
4.574068125362045976e+02
1.619187089657466174e+02
1.565693845149786767e-01
6.033651480960969593e+02
6.397045539849607820e+01
2.617255023150720916e+01
1.705369264466772465e-03
1.181612206255131952e+02
2.666391292715460963e+02
1.705369264466772465e-03
2.612704716766956494e+02
6.033968442645408459e+02
6.529477296838251732e+00
7.177967835980704869e+00
7.018178517648104853e-02
4.226371716023352860e+02
7.291263640195161315e+02
8.493481801574134793e-02
5.564227668711583218e-03
3.007999721702751472e+01
3.700869351025429523e+02
3.077566792491197702e+02
3.702896562914039578e+02
1.881325794476113629e+02
8.761537929940327318e-01
4.242267971900886891e+00
1.772608710896935672e-03
1.759090220623359254e-03
6.913362388383820871e+02
1.717255117172384639e-03
2.595820918130696597e+01
2.438765335095543918e+01
6.097742521354207383e+02
5.343026815277436299e+02
7.001195662575403489e-01
5.752217620957376312e+02
1.245594238774808673e+02
2.060334938482010898e+02
1.299884664641797372e+02
3.059494741111610665e+02
8.313176132027148835e-02
6.357251301356445339e+00
3.536049155657733536e+02
1.124048180314384560e+01
9.420740756776579872e+01
2.974896226896246443e-01
1.529791953217570777e+00
2.311925988913786867e+01
6.423908773567154640e+02
4.028951994365986833e-01
2.813788867851879871e+00
3.939856664391319896e+02
1.202531004044670726e-01
4.839515148240075004e-01
5.290889988943784372e-01
8.822726114276647991e+00
1.990000532074515149e+01
3.447783755227592906e+02
8.011773377132892435e-03
3.017337546450222874e+01
1.943548112451374188e-03
2.830134941530121182e+02
1.769288871663146356e-01
3.274053954495756535e+00
1.295519384823224129e+02
3.214450114046375120e+02
1.953263794884332622e-03
5.781345905129466403e-03
6.942064961539050501e+02
1.110765258794971544e+01
4.977223787684644662e+02
4.235287020954662296e+01
1.114516210103863472e+02
3.608933466025950332e-01
6.417471579480866239e+01
8.156207859053573594e-01
1.505957654119496851e+02
1.419780336374265914e+02
3.444208232602743465e+02
2.058532440182088141e+00
4.172756103869769417e-02
3.079248410051935707e+02
3.232716705405206097e-03
2.943656405976662427e+02
1.932332434412078722e-03
5.121193533757593952e-02
2.357431845579788288e+01
4.466276331689568169e-01
4.637443505439913451e+02
4.497812311547532138e-01
7.044118897460120365e+01
5.769275076165497751e+01
5.979068592891899243e+02
1.677348886544703932e+00
3.735913500610501981e+00
4.209986076988736841e+02
1.822686594779604263e+02
3.204979534904789595e+00
1.495086289151046230e+02
1.698702597800106143e-03
7.231595464102531423e+02
1.391488269940309763e+01
1.132369338734335855e+02
7.360782485714312315e+02
6.755388079216444339e+02
7.405299365146179298e+02
4.267732267295789939e+01
2.955020365137610270e+02
7.215333528500011653e+02
6.107488340000019207e+02
3.770906280925158394e-02
1.265059685424843594e-01
2.778007491774487789e+02
2.931448748148492503e-03
6.161280849136015370e+00
1.155630863611120702e+02
5.529713226618463651e+00
5.603916942400860926e-03
1.039929447201468520e+02
2.076381276556069224e+02
6.285157181102927098e+02
7.035028551987083745e+01
5.304314059576714726e+02
1.932437001340263144e-03
3.429381197924978437e+02
4.441695320918706003e+00
5.633179890468871918e+02
4.383535311191901656e+02
6.443978765034760414e+00
3.447651439207750218e-02
1.433276623999037156e+02
3.551979682339107853e+02
7.000241826966554015e+01
4.052306366309629482e+00
6.991720341640054812e+02
1.911047530458857314e-03
3.465692712160090991e+02
3.423803329055726294e+02
2.459532874033767857e+00
5.493563274388595374e+00
1.476217051713865658e+02
2.179423764873844593e+00
3.593068729478190448e+01
7.092656275961376195e+02
2.067802798575913391e-03
9.224223747678603047e+01
1.619745595399778859e-01
3.256844116570532037e+02
8.472086079141062953e+01
4.849885051980766093e+01
1.206243581246418017e+02
3.323875782873520848e+02
5.421477129769707517e+02
5.365120495160588234e+02
3.109041830748358493e+00
5.991318372173635304e-02
2.347840305276209349e+01
7.343408480447327520e+02
1.854086494172053987e-03
6.070709781402795421e-03
1.745580163736700854e+02
2.807360209029285869e+01
4.936747567262818848e+01
1.760782866955149188e+02
1.784797742299787160e+02
1.097615652614284443e+02
7.197828895767506197e+01
3.129874277711627997e+02
1.334642339745948192e+01
5.430983351078364635e-02
9.894856174093309420e+00
4.201741791586571821e+02
4.717563116466524376e-01
7.009978547426914020e+01
1.318779956799092101e+00
7.132482225959147115e+01
3.243390546106382999e+00
4.223002718128000197e+02
1.127722199432427708e+01
2.448053753591337717e-03
4.023093293774221735e+01
4.221851305234220142e+00
6.005858131524961863e+01
3.906723184313850794e+01
3.018458211590050594e-02
3.064253922401547356e+02
6.687939128513900755e+01
9.073356357760220092e+00
2.302270824959669255e+02
2.671822914671201921e-01
4.539706259627656948e+01
2.322363769476236961e-01
1.194871299148643345e-01
3.343905643035909634e+02
5.262413682068116660e-01
1.041528380714775714e+01
1.016539297802374193e+02
4.650663361010207382e+02
5.603916942400860926e-03
7.165003861688336428e+02
3.495103031405684679e-01
1.279516284698110127e+02
1.794702290364592057e-01
3.410937221290569088e+00
1.144166289177129698e+02
5.326642886338552041e-02
7.603775396056896341e+00
1.698702597800106143e-03
6.198429368835960531e+02
4.269169559028792094e+01
5.054939697975560087e-01
6.730267419040391133e+02
1.856640635067378753e+00
1.628511866025466475e+02
1.160895546291335206e-01
6.850253254127002265e+02
3.509951202672140447e+00
1.324219760513722477e+00
1.198059161394069011e-01
4.995613357277309263e-01
3.069689176810825870e+02
1.708601177526282129e+02
1.024839728079238066e+00
6.822269712318860257e+00
3.982568015904438541e-01
1.932437001340263144e-03
8.590771837693651491e+00
5.349891997574647462e+01
2.096577404017560298e+01
1.698702597800106143e-03
2.815482177476902734e+02
1.928660304735515307e+00
2.741183136787125885e-01
1.569004731106301733e+02
1.729613883588265253e+02
6.165157618724987287e+02
2.318167797331277313e+01
3.226852855017010029e+02
5.896724735239050688e+02
6.805428227027150569e+02
4.857515900275897280e+01
1.713555988468624491e+02
8.477084988852066905e-02
1.914196756084172790e+01
1.601321522937612656e+02
2.702983309886182042e+02
6.458357765479507684e-01
6.037272954571073313e+01
7.023287119841293702e+01
2.964738123659419671e+02
6.328232531025620347e+02
1.042197511977931512e+01
6.421850249728183826e+02
7.108005723490782657e+01
6.446647780370727787e+01
7.887705666474947863e-02
8.009473947795844140e+01
3.017547408502534267e+01
1.555528469810511627e+00
7.955632557409987271e+01
3.406962543265046328e-01
6.847010918057653051e+00
4.706627819980132799e+00
3.311786821331216970e+02
2.497456249152418817e+00
1.461046738928610580e+02
8.189455406451320130e+01
4.802572741686175846e+02
3.131959004935972457e-01
1.596174583907890394e+02
2.950679734794886144e+02
4.713236442800680104e-01
7.294553957552067232e+02
1.007939418538884127e+02
1.727457930580617784e+01
2.620724365322295739e+02
2.519356707832704956e+02
1.026569077799685381e+01
7.824400438792527268e+01
2.098163314684897175e-03
1.315302911302820377e+01
6.787513364391038522e+02
4.342664829507753410e+01
1.851005862602207941e+01
5.067615754680644500e+02
3.194690117909162463e-01
4.229612626727613929e+02
5.637887761620006586e+02
5.679199094880352933e-03
1.976559994097664211e-02
7.392254421111535123e+01
2.273668343482818446e-02
2.022769648734266176e-03
4.353430019672910589e+02
1.946328650762003398e-01
1.007134488440367903e+02
7.850812686624095149e-02
2.702214713446762697e-03
4.329227813860866263e+02
2.731657046151421468e+02
2.578813442153032156e+02
1.769686800634755741e+02
6.035889073979717523e+02
8.414381415334508396e-02
6.017138487508640310e+02
2.890987114537632010e+02
1.870309670478195585e+02
4.458665161935259675e+02
1.698702597800106143e-03
5.470894335378249929e-03
5.682835458516716579e-03
5.703251005758786505e+02
2.507403464944570359e+01
9.118045724182456979e+01
5.308476909111489306e+01
1.551615135453602967e+00
2.184996446966902539e-03
3.779145356494783003e-01
2.078506393127347307e-01
1.359368999492814964e+02
6.196368537632295670e+01
3.326616900077956416e+02
2.196359957782752139e-03
8.352326909698186419e-02
6.690047692077484953e+02
1.740360594002997061e+02
3.513927296622114795e+02
4.673155992204445774e-01
6.660497157395385557e+02
3.277053673411289481e+01
3.717975355965106132e+02
4.563042202222235346e+02
1.434504888753848206e+02
3.058874477379662835e+02
1.194635935605889987e+00
3.401756606815007444e+02
6.608800761136941759e-02
6.280351727940225715e+01
9.703480731111488566e+00
5.833253338885937183e+02
9.873155112901830233e-01
2.854772164784213260e+02
1.762946272643437737e+02
4.673925861928067889e+02
3.067027068493398456e+00
8.316931580997393780e+01
5.427910366800692971e-02
1.705264697538588043e-03
3.095920837661156497e+02
9.921475939616597017e+00
2.106952596160540682e-03
3.966235293214176494e+01
2.010136084308861582e-03
2.825516466244533831e+02
3.667563928139150331e+00
1.659664443264084577e+00
8.159989024638002775e+01
2.834266412662414041e+02
1.324242690044804647e+02
6.809407291883636617e+02
4.806344701654793994e+02
2.057210266673723353e+01
6.868216870011765660e-03
2.631636646823977799e+00
3.852631771964846052e+02
1.706132484778601554e-03
4.479213242027397790e-01
1.726005370342983611e-02
1.698702597800106143e-03
3.232716705405206097e-03
1.898729378945212057e-03
1.698702597800106143e-03
2.817969724386179889e-02
1.026387536777002285e-01
2.259788374384706913e+02
1.705422385316706117e-03
2.126586540911710732e-01
3.151865411792871896e+02
3.042901707515149098e-03
1.643119740128166839e+01
3.370159185172249411e-02
2.383218025284181607e+01
8.520064984634376573e-03
3.399864646713879779e+02
5.885440043900955516e+02
1.664994975405055489e-03
1.949591656969663434e-03
1.354879315483930702e+00
5.648354499405692195e+02
4.523474934740088216e+00
5.961197047456881819e+02
1.018084646716139652e+01
4.777541391049149979e+02
1.506177416696397984e+02
9.148116034222821824e-01
1.453831214738930200e+01
1.122497859400285597e-01
6.698936646692692420e+02
2.460894999167234971e+02
9.880888207082848851e+01
3.442009925987795782e+02
2.548885265198223848e+01
1.224892836444585669e+02
1.594148194779601795e+02
2.712552244441827156e+02
1.257711742174912606e-01
6.342888136855855237e+02
2.767845531252029332e+02
6.475191327704669675e+02
6.342477261472483363e+00
1.161399306200612784e+02
1.187045254361675433e+02
5.869326472098484828e+02
4.861883659996274076e+01
1.733538412353764213e-01
1.836751932196502457e+00
2.742962368514403337e-01
2.457085056983264337e+02
1.376756739516378900e+02
1.461739509560252870e+01
1.828952375653429954e+02
1.775454780399696233e+02
2.394769295993843627e+02
3.428717611923817188e-01
1.494471425948675680e+01
6.881465770514674887e+02
2.616413731933495228e+02
1.581478647643013991e-01
8.464884698105100691e-01
4.781708657759165249e+01
1.696973293596786903e+02
2.417691708225802927e+02
7.101971253558676835e+02
7.884870014918520553e+01
6.100527023321584466e+02
2.098163314684897175e-03
1.377818882436321508e-02
4.337709336772314828e+02
6.968433199074045206e+02
5.552417860971061003e+01
3.745759733265599607e+02
1.890578945088099871e+00
1.041219737524860705e+02
4.061516615909228562e+02
9.111059624940372714e+01
1.668043419875866960e+02
3.118654923695260095e+02
6.608800761136941759e-02
1.867816048250638301e-03
4.143587551578931425e+02
1.140766437514790343e+00
4.478694329806552332e+01
1.838819477958995474e+00
7.371951935174650998e+02
5.817084792222209444e+02
6.977493477301566145e+02
3.747601690090618121e+01
1.804907024015724062e+02
5.207396209374602902e-01
1.044867975695043185e+02
6.377560785345244767e+02
1.809834921095120919e+01
1.402032506625060515e-01
3.009413593723395479e+02
1.892417859400287727e-01
2.991658162900387765e+02
6.462091098812839940e-01
1.867816048250638301e-03
1.428303492744114180e+02
3.277458288377728195e+02
7.803438175309973523e-01
9.522808114331098750e+01
1.357871541128007387e+01
1.289407903474789805e+02
4.931339160764884433e+00
1.965079526491243955e+00
4.423226987830259560e+01
3.810533275379599161e+01
1.932437001340263144e-03
1.939103668006930117e-03
3.356819378296357854e+02
5.017713177766488508e-01
1.800972572469320722e-03
5.251033912583242397e-02
2.707269444281949404e+02
1.011534707841687322e+02
5.294678026088553224e+02
5.329397033275880631e+02
1.705369264466772465e-03
4.131876724554108478e+02
8.258914074873211497e-01
5.553649959880092410e+02
2.626810932911158147e+02
5.967519958704444889e+02
4.825620898703710964e+02
2.984677588780186297e-01
1.071138488375060405e+02
6.065726514102598230e+02
7.079618492188174059e+02
3.438047995218527717e+02
6.410770186582944064e+01
2.059361876569290075e+02
8.413353367768542057e+01
1.717255117172384639e-03
4.284203929760531659e-01
9.222293743615406925e+01
4.440413907685820050e+02
2.932980374969983473e+01
5.904504658584590970e+01
5.232674867540023342e+02
1.283389339048397062e+02
7.293895216053093122e+01
2.947193378613408186e+02
7.209375747851126670e-01
1.068246195826175793e+01
1.665589339051312722e-03
6.636501290752108151e-01
3.272364192751317091e+02
3.534523483242664188e+00
3.299235607755831552e+02
5.364740729609281944e-01
4.444717127998826527e+02
5.603916942400860926e-03
4.981172137313966459e+02
2.826114102098000857e-03
6.051493117943389279e+02
6.678484412069428799e+02
2.742630674935395518e+02
1.401757491588283528e+02
3.047955674570838625e+01
1.669107001449212078e+02
5.178072294307328320e+02
9.431304606884858277e-01
1.609868252564386482e-01
5.551023563318682363e+02
4.810044211068679374e+02
1.856607126669781493e+01
1.727923463570763722e-03
2.961986941649462324e+02
2.068095490520066733e+02
4.262414528463531838e+02
6.214267813943806686e+02
9.166642022284065661e+01
5.664788117296077417e+02
2.657604154657026818e+00
1.680163043261846099e+02
3.467990730345635484e+02
3.195763094465689846e+01
9.889945280915000581e+00
5.321123225708442872e-01
1.125758460286633289e+00
2.160528849229352739e-03
7.579668998015675641e+01
2.456826749583660707e-01
1.996776197838664473e+02
5.388767934883063759e+01
1.287378151787410774e+00
5.095934400731406413e+02
5.249985113686969629e-02
4.669921211834912356e+02
4.770727777351439075e-03
5.826029783404447215e+00
4.060457795238094150e+02
5.500172921294142725e+02
6.607254979711188470e-02
1.920787878533245690e-03
4.310684297066828125e-02
2.902810158068783153e+02
5.313190974517777931e+02
1.981175501356498801e-03
2.910483453078186358e+02
2.113913911734989881e+00
1.570364724755046182e-01
5.743066168227803558e+01
4.202379424237963690e+02
6.035274460330765020e-03
4.663490883160745226e-01
1.951169878148187407e-03
5.527052031216932164e+02
5.177414240422525609e+02
7.074947095664303731e+01
2.362606144625661653e+00
8.056764764378355759e-01
2.659868173786699117e+02
1.972549284362873934e+01
1.709682275330448673e-03
1.867711481322453879e-03
5.778888368569628196e-03
4.161644441736241617e+01
3.134526144625660482e+00
1.698702597800106143e-03
1.612120106297151878e+01
7.135424208360560162e-03
1.157727322739185638e+02
1.698702597800106143e-03
6.957128634838413745e+02
2.105326144625662366e+00
1.666492992448802397e+02
6.411342075734003700e-03
1.477108202647752933e+02
4.191931651935995262e+00
1.082998773685246796e+01
6.051496898428060831e+02
2.547762693816432034e+02
5.882337580021891199e+02
1.040711678349413916e+02
3.889468079154684688e+02
4.808639430589535664e+02
1.012809281108545401e+00
1.638401469646472322e+02
2.995772290933917361e+02
4.344880865245606683e-01
5.754241665336684264e+02
6.215095908667123012e+02
5.810071986443420933e+00
6.032515590537866501e+02
4.410949714642381991e+02
2.151101785628305452e-01
3.548467143755506186e+02
1.797422842122684301e+02
4.271573220257781713e+02
1.642327958766157110e+02
1.698702597800106143e-03
6.475438111876657103e+02
5.316409571566269587e-01
3.822510736207052062e+00
4.708420780827195244e+02
5.795131021412579519e-01
3.381905905305144344e+00
3.532882561254097595e+02
4.214779462333059001e+00
6.961385354280409956e+02
4.782869606169298793e-02
3.566279144291862053e+02
8.170377791973522374e-02
4.394860557426903256e+02
3.514510818578690987e+02
1.693748837457783907e+02
2.875211133807127339e-01
1.889420123828902263e+02
5.614916808201105596e+02
1.189352949562930775e+02
7.124159135784512955e+02
4.838649352307867844e+02
4.844923279926374704e+01
7.541115963752311302e+01
2.789548925379047546e+02
6.911042689912917467e+02
7.511274254444450662e+02
1.363959172839393830e+01
1.285287384939544886e+01
1.706805796754991235e-03
3.850712144030329215e-02
4.350259655977495865e-01
5.258188731285287978e-03
3.382459447609980963e+00
1.932437001340263144e-03
1.507893988424524948e-02
2.839218372640630150e+01
2.716912179493228829e-01
5.946904054459088762e+00
6.628508160921867329e+02
6.867639071564072273e-01
8.078870322900295164e+00
9.787538677278817545e+01
3.756712514563631977e+00
2.221649576645504456e-02
5.645333390494016612e+01
8.582674249719902093e+01
9.310477396056892729e+00
4.441913102599896774e+02
7.370078903923744917e+01
1.049145982035717267e-02
2.077670972614737366e+02
6.569412854032443891e-03
1.568754155398167995e+02
2.721487289347411433e+02
9.889328614462557709e+01
1.206875531324668174e+02
6.176318462071827753e+01
1.706805796754991235e-03
4.267637128196776786e+01
1.867816048250638301e-03
5.200394068553467264e+01
1.224732932787261641e-01
1.387355210599750777e+01
3.984352676720859563e+02
3.018208580082351205e+02
1.705369264466772465e-03
6.263011851479042207e+02
6.082251678768517245e+00
3.495935821235203207e+02
4.794079323100543775e+02
1.023467160379147589e-01
4.317832539206694946e+02
2.731183956390614185e+02
7.038447363162811143e+02
1.736699401893958949e+01
1.981175501356498801e-03
3.276437418941649753e+02
5.470894335378249929e-03
4.645717765511742266e-03
2.003439079210954876e+00
7.724954190319054392e-01
5.525191556816539951e-01
4.311760900310401325e+02
3.264477863061192409e+01
1.066979477958993616e+00
7.171126036407904394e+02
3.642106144625663067e+00
1.705369264466772465e-03
5.052291806956570319e-01
4.606987287829091393e+00
2.397617579361555329e+02
1.589038925529646065e+02
3.963950581288092962e+02
6.322661255626057519e-01
4.191353355075079778e-01
1.102088895530022583e+01
2.139519580723050467e+02
1.460009123139331280e+02
2.188349472904378104e+02
1.102073554494054264e+02
4.239189603755454949e-01
2.874513890954749513e+02
2.027813256084660765e+01
2.300728818031442700e+02
3.421071137269021989e+01
6.407530066327201439e+02
4.780929045388285781e-01
6.458553700305660641e+02
3.690430017013046609e+02
3.292239444846336016e-01
5.054630318246251086e+00
3.798006021347703765e-02
5.709712725320730264e+00
1.176392363958606211e+02
5.255544774373437783e-03
1.855890558336330187e+01
2.471055642191833268e+00
3.734714455951218071e+01
6.662667247142843507e+02
1.555890178019466719e-01
2.898366890306450046e+02
1.554653154168290818e+01
2.149295922775069556e+01
2.212113463676128049e+02
7.693751835444723186e-02
4.744432013174618987e+02
2.934613004277926507e+02
3.634489822388018752e+02
2.098058747756712753e-03
3.247478734215677036e+02
7.849216769696987228e-02
3.346369582764146600e+01
5.393926356834839453e+01
3.371776298223597479e+00
6.639069395996830281e+02
6.579499853030556285e-04
5.960775669534455119e+02
2.086877784064788133e-01
1.144818143342211982e+02
8.546674942724695256e+01
9.642373203563667516e+01
6.649644346704656865e-03
5.379883687776482475e+02
5.063249277922113833e+02
2.815498586517764176e-02
6.855986149632389726e+00
1.505339561263536439e+02
4.309478943844118959e+01
8.443018238343864823e+01
3.671635817283174674e+02
7.601637703159860848e+01
2.817970993805922149e+02
5.913510465115517718e+02
5.664218206481463085e+02
4.019061049687164200e+01
2.157995891790184473e+01
5.511222434709037543e+02
1.509167830893279074e+02
5.994655237469753502e+02
1.939103668006930117e-03
2.325044517343197583e+02
5.130001376973082188e+02
1.232808291768362530e+01
2.382457501702198600e-03
1.509183581033169048e+02
1.196173615633376208e+01
3.082748779004707558e+02
4.232602026033253395e+01
1.269812676633285804e+02
8.480895827564611977e+01
8.245914760349461403e+01
9.641335073674016376e-02
2.351082370863382494e+02
1.709190586762839026e-03
2.693077552988948753e+01
1.698702597800106143e-03
4.031480337558762699e+02
1.803151674214587672e+02
1.898729378945212057e-03
1.675954231275364634e+02
1.556125701478105805e+00
1.628114788943286158e+02
2.456207671315695507e+01
8.859667605370382670e-01
1.367589255022088821e+02
5.991318372173635304e-02
2.213921731265054760e+00
2.857283603304630901e+02
8.746513274162177254e+01
1.998817008006584066e-03
1.932437001340263144e-03
1.932437001340263144e-03
1.061813668385572562e+00
5.880271446049301858e+02
6.893860284714774025e+02
3.168584183572542656e+01
3.519924734983859715e-01
1.245802915592147002e+02
3.292852917659739092e+02
1.811972469797663299e-01
4.111338917392691883e+02
7.274944067158251038e+00
1.857161530606620259e+00
2.738411048514942649e+02
2.589651634054273472e+02
5.042738135178852872e+02
2.518775514568526858e-02
1.803800188492645589e+02
5.112770785498515238e+02
7.438767323728317366e-03
5.354369750712415055e+01
1.201647849729249540e+00
4.335748175462346126e+02
6.024756824248271414e+02
1.905185340555742013e-01
2.113160257785116902e-02
1.150923120912144348e+01
6.054142559563507713e-03
6.531855681771426703e+01
1.599008484398745225e+02
2.724761786557694077e+00
1.499059810022721138e+02
5.507864032347948441e-03
9.633013423537102604e-02
1.938157927931983409e+02
3.022344941255730078e+01
1.694124567567854811e+01
5.939146070623942819e+01
4.369044967003217295e+01
7.277723802060702951e+01
8.290322114158743538e-01
1.927885183707435390e-03
2.674987207813341001e+02
3.488092592720909693e+02
6.725107066373249565e-02
3.395357059999830085e+02
3.594305087657218678e+01
1.525065892622594177e+01
1.354331797190087627e+01
4.225036735842012392e-02
3.078502604751793115e+02
3.410308019980089398e+02
5.935817014564549936e+02
2.780926160117851986e-01
1.252996266282102624e+02
3.203395283101277524e+00
1.951169878148187407e-03
1.048232559113650986e+00
2.957536296434693668e+02
1.049606840432604429e+02
6.967655188888872999e+02
3.958284992560689943e+02
5.159446904118163957e+01
4.979232496138222608e+00
2.726859555931844739e+02
3.801564379633595725e-01
1.006297265545572515e+02
1.968255410833133396e+02
6.003275080779259270e+02
1.140839395268949397e-01
3.960807765789592167e+02
1.698702597800106143e-03
3.395578515184937487e+02
3.033040270687784528e+02
3.228082096588212124e+01
1.674222504556475699e-01
8.681826020503800173e-03
3.517699562328959360e+02
1.898729378945212057e-03
9.466128215131541879e+01
9.707845045766205772e+01
3.279904618184090168e+02
7.299195676352372188e-03
2.064317713938775398e+02
4.583935221286172350e+02
7.016318562949743409e+02
1.705369264466772465e-03
2.708526962281019905e+02
1.773883377989410519e+02
1.792964331406009162e-03
4.870616665955712676e+01
4.397998195855948467e+01
1.998817008006584066e-03
1.681415406895875190e-03
1.717718029336082197e-03
5.187636907796580772e+02
5.399972589676218376e-02
2.385950646579080825e+01
3.632737701858455921e+02
6.588938343366945674e+02
1.803858636448040613e+02
1.318380729434565239e+02
2.641615182268647680e-02
6.725107066373249565e-02
1.706701229826806812e-03
1.717435474608029972e-03
3.770906280925158394e-02
5.253149634631588327e+01
1.939103668006930117e-03
5.711364740477044677e+01
1.938999101078745695e-03
4.496858693712518971e+02
5.294493121041690502e-03
9.878864820468548658e+01
4.471785414351781185e+01
2.235960944005823403e-01
4.307790161749779827e+02
3.319516868002597709e-02
3.849158321953578934e+02
3.413151576016117072e+00
3.647640882943419456e+02
2.370049236562350359e+02
1.698702597800106143e-03
7.055564020872974424e+02
5.079391910281849505e+02
2.177059939030395394e-03
4.434970447734425808e-02
3.525236524799429390e+02
1.383690760178450319e+02
6.885422424536050130e+02
1.870933074561697551e-01
3.733872417430531527e+02
4.990736827894809835e+01
2.601175136477178462e+00
7.504646924895364002e-01
4.055837569057392216e+02
5.931221550277855810e-03
2.811393074143925901e+02
5.826636904346486290e+02
5.258188731285287978e-03
3.899164824537115770e-02
1.528827089698882347e+01
8.027922423226132587e-01
6.985807929222491452e+01
1.705369264466772465e-03
4.276970473716738752e+02
6.356755655973636721e+01
5.504227668711584795e-03
4.752385791069397847e+00
3.348889282455261990e-02
1.997994559646920720e+01
1.519902644331554598e+02
5.524363928139151447e+00
6.683573518210640714e+02
4.839726193157932954e+00
1.111724132601057988e+02
2.639110827990168162e-02
1.281841243648174498e+02
1.626328984317746631e+02
5.239434621025649221e+02
1.086188312833186131e+02
6.745866874035917817e+02
1.401718072933512076e+02
1.625525444131992288e+02
4.809472144269334137e+01
5.255272781862395277e+02
6.907704307281185265e+02
6.498292780723060105e+02
2.888804295820948482e+02
9.807015986118437778e-02
6.087497516696454625e+01
1.663511258306612604e+02
6.882292073686767253e+02
8.467872607319179679e+01
7.240578450768431651e+01
1.049145982035717267e-02
2.650270416498053692e+02
6.608800761136941759e-02
2.520144491202056969e+01
2.358257689683258320e+02
3.786224164505571110e+01
3.074427856250291029e+02
6.847666093394965401e+02
1.572566187517480216e+02
2.100339050343807794e-03
1.187045254361675433e+02
1.698702597800106143e-03
3.277859967911516748e+01
6.226328493556594879e+01
7.316739206295806881e-03
2.201272443461797579e+01
1.489498766344697955e+01
1.322621961928802381e-01
4.879538546778110220e-02
1.705264697538588043e-03
6.645249686410785728e-01
4.423118328075021033e+00
5.252746996187331661e+02
3.039540218003115228e+02
4.417688779570305702e-02
6.012447917396527686e+01
1.096136054598844289e+01
3.692099784679596155e+02
1.020744260482202792e+00
8.777858877447849295e+01
1.345629645322385937e+00
6.069815276507866884e+02
3.089396018239195882e+02
1.985344092501677756e-03
1.069459500543586650e+01
2.956902700972714797e+02
1.951047677941668973e-03
3.025280516558519750e+01
5.868472020962977922e+02
2.258848675682813018e-03
1.710211078752065106e+01
2.508455236832196533e+02
3.410722085698573824e+00
5.632623450034165286e-02
1.932437001340263144e-03
2.397555444755210488e+02
1.073040400130789749e+02
1.521599593419060703e+01
4.209199513666393955e+02
4.924339442899023993e+02
3.159936844280023251e+02
1.213375550624051558e+00
1.774054472273757677e+00
2.827088885875054247e-01
1.799027461679174877e-01
5.501957813800305817e-03
1.205235473108325976e+02
2.485634170947453262e-03
1.698702597800106143e-03
5.893315331730213276e-03
1.458800553478899031e+00
1.705369264466772465e-03
3.531699750023888171e-03
7.792015059489759032e+00
2.601296989566960427e+00
1.932437001340263144e-03
3.668380431000098838e+02
6.685697382320168747e-02
1.705369264466772465e-03
1.146162685993067143e+01
1.082068411115929223e+02
2.288916259759430432e+02
5.559089232471118294e+02
5.737957387077504734e+01
1.808137467547643098e+02
2.601248358179510056e+00
4.467323928139150802e+00
6.079844440528336236e+02
9.935548669866236082e+01
1.083171805239283136e+00
2.145541383811377045e+01
1.738116635585167273e+02
3.005392133835727009e+02
5.194825472550611625e-03
8.705159080723002774e+01
5.375771674340303434e+02
5.755595129980489055e+00
3.331118703261257110e+02
5.267055180514225832e+00
8.500812802587034867e+00
7.617478589794069999e-01
3.500822809029708083e+02
7.252227539157251046e-01
4.364865926344227205e+02
6.500783412566166817e+02
2.900797587238681103e+02
6.821202665898524629e+02
3.080316879890819450e+02
2.397559047081794006e+02
6.459520821794318408e+02
5.087020659315939497e+01
5.114574167250022230e-01
1.194384733333318138e+02
3.087936989566958612e+00
1.484150286876834457e+01
2.904438145750601219e+00
3.764914157963194157e+02
5.904208813703188952e-01
4.012761889571170855e+02
6.361606144625663539e+00
2.347849202294512736e+02
1.120584990129936358e+02
1.751609688961520972e-03
1.154566658305134297e+02
2.234376540958063728e+01
2.869889323918751067e+00
6.643130767684029934e+02
1.086831348214408166e+01
1.706805796754991235e-03
1.482170461278924734e+02
6.190439250743882837e+01
1.939103668006930117e-03
4.327515837878666005e-01
6.373941924758483868e-01
5.329206194990561016e+02
3.562438839854483064e+01
2.830712780943313245e+00
1.816226207175643310e+02
8.491240942478189879e+01
6.554190319052851299e-04
4.149844882844520022e+00
2.471624907128898929e+00
1.873244569096544865e+01
2.007854100883814646e-03
1.077365851111200951e-01
6.858205573538713224e+02
2.874409782058656715e-01
3.000163031460396041e+02
4.630021786556164365e-01
2.168247511159323722e+02
2.715127062391169480e-02
1.698702597800106143e-03
2.389479969887622417e+02
7.617202596087765086e-03
1.518246725040741651e+01
1.210792166838045025e+00
6.792640736899186599e-03
1.247155339751029430e+02
7.037458455489567086e+02
4.937570340817936199e+02
1.123161831516052445e+02
3.596336836204698102e+02
2.351961544916845241e+02
1.831154405100714939e+02
5.541112752998111546e+02
2.299787348605263162e+02
4.841476469984609707e+02
1.360482057686054902e-01
5.760886071465179157e+02
1.935885426134838173e-03
6.561424632148412002e+02
1.966396772930554038e+00
7.450352058887389495e-01
6.217710581304352058e-01
5.271631111455010732e-02
3.899247759146366038e-02
6.449369212990816322e+02
3.597930687908659220e+00
1.538289436153670087e+00
6.820213736975058509e+02
2.384757894395414439e+02
1.369246642764080946e+02
5.503607683326885081e+02
5.114486152969219006e+02
1.007241589167471041e+01
2.577969158861472820e-01
1.116475685246210103e+00
4.837347949214855589e+02
7.124059477958993192e+00
5.959901739800530152e+01
2.693062282456325534e+02
1.510738487598466850e+00
4.243746368057836449e+00
4.818887454791039318e+02
6.484933537814514466e+02
1.459960239542643423e+00
1.003344480822125455e-02
3.765890805302046829e+02
1.698702597800106143e-03
4.024561807767641142e+01
3.841232319442215157e+02
2.071996980019258672e+02
2.140563708554072377e+02
1.365201473618504080e+00
1.002791383970873251e-02
2.131617008496619725e+00
2.088955218031446748e+02
3.894989841665079098e+02
1.395092465028571427e+00
3.917488657916246666e+02
2.254469465242580836e-03
1.998817008006584066e-03
7.865205756303055296e+00
1.097025466939480225e+02
9.963878604318995857e-02
2.389310808912367169e-03
1.053763688956857347e+00
1.752399988858698521e+02
1.698598030871921721e-03
2.657112811292328569e+00
1.520475537086043660e+00
4.421078257966000535e+01
5.847835412990810937e+02
1.767652162512339288e-03
1.932437001340263144e-03
2.055421846194961308e-03
2.156431913111187815e-01
6.986918796111870051e+02
3.174210929504983483e+02
6.874963294271753966e+01
7.061409124844888652e+01
1.064361731404153772e+02
1.277013441968898348e+02
1.698598030871921721e-03
2.204462936499294301e+01
2.942171523405085054e+02
1.522011218031449005e+02
1.351741803143844400e+00
3.396640641726034460e+02
1.722202573303515578e+02
7.286971563038226185e-02
1.061338519725443490e+02
1.624091092480230358e+01
1.662179943678432081e-01
2.758483575309367719e+00
9.861670557177573571e+00
3.232102982340714448e+02
4.876752737967909646e+00
3.012126461405936197e+02
1.704840069060277630e+00
6.035274460330765020e-03
1.939103668006930117e-03
7.256712083578146372e-03
6.198082704638883342e+02
4.180607861272831371e+01
3.673134860275172886e-01
1.937696962643281314e-03
5.902525017425180067e+02
4.770727777351439075e-03
3.669640223535920143e+01
6.383307352139478326e+02
7.008498058678861753e+02
3.317531431266671689e+02
6.999951003520878885e+02
3.544968059913696834e+01
6.411536362173565351e+01
2.009305521887728219e+02
2.858083420886510453e+02
4.984882894530749398e-01
1.612663113083806934e+02
1.611548198079299832e+00
2.105446144625662264e+00
5.492023576587338312e+02
2.941714180563639616e+02
1.776401680768704798e-03
1.641563192438430860e+02
3.023220001913737178e+02
1.486196662176896000e-02
1.220648208773868646e+02
2.952696002237284456e-01
5.066308659621117272e+02
1.698598030871921721e-03
1.772608710896935672e-03
1.985344092501677756e-03
2.365140635893692611e+00
3.806384536932836848e+00
3.466979586634010246e+01
1.075760313804932800e+01
5.566193522730306995e+02
1.029372742559146303e+02
3.712624218570761627e+02
2.373878664758051471e+01
1.037124946566130301e+00
1.117796448735392856e+00
2.193327261142776194e+02
3.698792530499028430e+02
2.086271371385415208e+01
2.970068912228906122e+00
9.440989754796294875e+00
1.857922100778670256e+02
3.980329802845757881e-01
2.923823651506547208e+02
6.614745509498895899e+02
3.998448273464769165e-02
1.445952921810940950e+02
3.601546243521071489e+01
2.295758613788844143e-03
2.671797605137224418e-01
1.394357709820718227e+01
4.684008216494078281e-01
6.594269777435963533e+02
8.003248503913510392e-01
1.317536241593357182e+01
5.247945753624592591e+00
1.049145982035717267e-02
2.279093485887004056e-01
1.717435474608029972e-03
6.035274460330765020e-03
1.919039513760427837e+02
1.713314775643540134e-03
5.749066081921323530e+02
6.727265180911722098e+01
1.932437001340263144e-03
9.189445682297337825e+00
2.622648783171689502e+02
1.717435474608029972e-03
6.139379241752851613e+02
3.141379412710544017e+01
3.998448273464769165e-02
1.091525484344695229e+02
4.947209653815895649e+02
1.576397406366601501e+02
3.464566346557361385e+02
1.925702539696109739e+02
4.467283928139151428e+00
3.307162451289718064e+01
4.509457825936200037e-02
1.707357796698610137e-03
8.355847227821071310e-02
1.482164325614128808e+00
4.674984115449103861e+00
1.734171569416578791e+02
4.851624824248029455e+01
3.315415492224250329e+02
1.812600429977769600e+00
4.221237803571969288e-02
2.794641169894178461e+02
3.840599877544131004e+02
5.558256864864873705e+02
5.501957813800305817e-03
5.271631111455010732e-02
1.504316243312169357e-02
3.207638156931205344e+02
2.603355853358609810e-03
1.701898403679621481e+02
2.147380108620745159e-03
1.765082604466426631e-03
1.876994302942096837e+01
1.707462363626794559e-03
8.349863889450142018e-01
5.399972589676218376e-02
6.442034307572941998e+02
2.611538175609380374e+01
5.249700783651971960e+02
1.681415406895875190e-03
6.087617912093689938e+02
5.649306294674886431e+02
1.893289060206548987e-03
6.385398728796491952e-01
2.161136131909247547e-03
5.676394170000007762e+02
1.296931160889147616e-01
9.339755235935497524e+01
1.688333382107088596e+02
2.652614831253431227e+00
6.054142559563507713e-03
6.780486824051830581e+02
1.037204117271552661e+02
3.770906280925158394e-02
1.062041150854199811e+00
7.186972520900425820e+00
6.655068699916510955e-02
1.765082604466426631e-03
5.941034681328986835e+02
1.166829356184942545e+00
1.387486544889413587e+00
7.957654597900490501e+01
5.570673191054559048e+00
8.500785723003342298e+01
6.907436441575907793e+02
1.186532043928499149e+02
6.744803772951421479e+02
3.826154440580552318e+02
3.890962022545419927e+02
2.596094976493851547e+01
6.528943272785279532e+02
2.712887949909160046e+00
9.458176989566956294e+00
7.113343295309228154e+00
2.950028145871445573e-01
1.765082604466426631e-03
2.067802798575913391e-03
3.957119575015506374e+00
1.901748763789867382e+02
1.570234876408517266e+02
2.858575136477176759e+00
4.102461460223249787e+02
2.133230322900293352e+00
4.011696410982688690e+02
1.090885625182408530e-01
1.857735419031906199e+00
1.199348700134183900e+02
5.369796898719378896e-03
2.696647816872445591e-01
1.003708654252036370e+00
3.206302864135992081e+02
5.267043928139152342e+00
3.863718038463948687e+02
3.390572631729193063e+02
1.698702597800106143e-03
6.553846446184888919e+02
4.304915895332554214e+02
3.551935307682853704e+02
1.555459368406563403e+00
3.992975562441274633e+02
1.116849018579543440e+00
4.017906114276650342e+00
1.501923059480582445e+01
5.524363928139151447e+00
1.590403444895995619e+02
1.698702597800106143e-03
7.357780311111126821e+02
2.034505075908152349e+01
1.698702597800106143e-03
1.586570859113275560e+02
6.583468916333695233e+02
4.910678699803764369e-01
6.619921269444424752e+02
6.183575821526943628e+02
1.180292007163574226e+02
1.897017633955472293e-01
5.786474246156592471e+02
2.994186866397578797e+02
1.733937157857669623e-02
3.618654884926916004e+00
1.706805796754991235e-03
4.072931203599504002e+00
3.688520945615173332e+02
1.272325754190324005e+02
5.627222730259095442e+02
4.591341486633133684e+00
5.297980486464570760e+00
6.608800761136941759e-02
4.182813445166404936e-02
5.959505728270314648e+02
2.760644297816976511e-01
1.493437081911316611e+01
5.474529248088393274e+01
5.585426755240499119e+01
9.601222753694412404e+01
6.370057642835373599e+02
5.538739304547583231e+01
5.855688390644612582e+02
6.078833802038251406e+02
3.304121985892144835e+02
5.343779027592855755e+02
5.213082043298869483e-02
5.012698740600181058e-01
1.423068749999997351e+02
1.932437001340263144e-03
1.606975576174506841e+02
2.349156169175638631e+00
5.514528418121749382e+02
6.078702824629637007e+02
3.112296038247683860e-01
6.007410278472485743e+02
6.989522918490757852e-02
3.711685399201674045e+02
6.696872511683451421e+02
7.872366468239779813e-01
2.073411590208538087e+02
6.014891388813731199e-02
7.549189290104883765e-02
1.754495852358666355e+02
6.903966144625661272e+00
3.106701228425396835e+02
4.686383457338087624e+02
6.342853476108048199e+02
4.235749714405941546e+01
4.645513546248586367e-01
2.281813895430427408e+01
7.856355784198373726e+01
2.102932125072608187e+02
4.770727777351439075e-03
2.125316288421025490e+02
4.169821587492816093e+02
3.947382036767678528e+02
2.252092069216115533e+02
4.616953069526967397e+02
2.998034912070309144e+00
2.043185278207022648e+01
8.069356823325687600e+00
2.859942425893185458e+01
2.226920182616565285e+02
1.939103668006930117e-03
2.708469181151592631e-01
6.588206205885137612e-01
1.746179905948070825e+02
1.003708654252036370e+00
1.103436694027874232e+01
2.851735579817790356e+00
5.267846061964014552e+02
6.714541677897635736e+02
6.950067973170846736e-02
1.932719556068315803e-03
1.311794928253090973e+02
9.817903074630184024e-02
1.049145982035717267e-02
1.906182872201365397e+00
8.537244862010442148e+01
9.140159680047180757e+01
4.749116050365309150e+01
1.708496605980561966e+00
2.366529810381098109e+00
2.414499978460609986e-01
2.100912556674642932e-03
5.550155222804233972e+02
5.299412672765730576e+02
6.036849617738025700e+02
2.790824249873720646e+02
3.154995796777545491e-01
1.654679734749202566e+02
3.690561323432412166e+01
4.736462375937970251e+02
1.759137435325890619e+00
6.826850984189076144e+02
5.457980773973741861e+02
3.672735928866629251e+01
6.034655244865455188e+02
6.362592715590658798e+01
6.267365060132252665e+02
1.035199364997373486e-02
1.722695435911048142e-03
4.477796910792524727e+02
1.114896395476740594e+02
1.079738585417243657e-01
3.426625821892367441e+01
1.320491278402145667e+02
5.832578459203697321e+02
4.667360124170275526e+01
4.770727777351439075e-03
7.210798285158654153e+02
6.422319220838545561e+01
3.864501135936582732e-01
2.839861595703388844e+02
1.121580727199819165e+02
1.869934093368322081e+01
6.779847925253607173e+02
2.440767027935841611e+02
6.550441890396359668e+02
2.240674909282511056e-03
7.108055940810762419e-01
3.918400224351268890e-01
1.808368374309590410e+00
1.709682275330448673e-03
4.984830021836283436e+02
7.079917227762745624e-02
4.421850082136202786e-01
8.128707466704472584e-03
1.950503674456093961e+01
4.488557459933368250e+02
1.867816048250638301e-03
5.238801536868239496e-03
6.411742399935371850e+02
6.937813306504179989e-02
7.975252338807504771e+01
6.645933276531108049e+02
1.256670375698909652e+02
2.386857779345126929e+01
4.436414012211009061e-01
6.505122821561325281e+02
1.096655941421255998e+00
1.293954469342555669e+01
7.621917711771659942e-02
1.397225147422910929e+01
5.355668534734935520e+02
2.235252769047912409e+02
5.702654724139924838e+02
1.942335872047957324e+01
2.083487092762356596e+01
4.027109997586785783e-01
3.771499451628962447e+02
1.579106776603177664e+00
2.858495136477176679e+00
1.174753222557257715e+01
3.489213703632660781e+02
8.644788961132739979e-01
6.513332570153433920e+00
1.938999101078745695e-03
2.307808352851494362e+02
2.556887609764247031e+02
8.153752905278618357e+01
7.003083940816293307e+02
8.869997152844606436e-01
1.894116338973461655e-01
3.097224818726864441e+02
4.638881296200082716e+01
1.187932739830499429e+02
3.378423274381990495e+02
2.218505255555559756e+02
6.056910759044827064e-02
2.573376989566959594e+00
1.050404131535561163e+02
6.911748788583626038e+02
6.985265265031431170e+01
3.501722893411965174e+02
3.616448589948255972e+02
1.125277066486787874e+02
1.742168391878572109e+01
4.342841056514881188e+02
3.876163267497174161e+02
1.999869805128480782e-01
2.086135728653866650e+00
2.123502020628698403e+02
4.171187853888628227e-01
1.802591215282780768e+00
2.236424344414955385e+02
3.823033519017874937e+02
2.578653006622538157e+01
2.746851318232953645e+02
1.387554427660034833e+02
3.598147063702485493e+00
3.739297304898685184e+02
1.932332434412078722e-03
5.154605693854794168e+01
6.721373392613991200e+02
1.792659320512763081e-03
2.334628469810511753e+00
2.390249112678460364e+01
4.553079212830402761e-02
7.968493559583451624e-01
1.932437001340263144e-03
1.932437001340263144e-03
5.900475480369855585e-01
1.705369264466772465e-03
1.239866061446259664e+02
5.966986267311218626e+02
3.307164667085988469e-02
2.071579090925182811e+02
6.675129909090885576e+02
8.703059809639276945e-02
7.742699358422289890e+01
4.733870431540512236e+00
5.586182990480524288e-03
1.467398872137219007e-02
2.106952596160540682e-03
9.815793535706541562e+00
1.867816048250638301e-03
9.266904241040377599e+01
9.451479419888991984e+00
1.698702597800106143e-03
1.932437001340263144e-03
2.135409573313901888e+02
1.706805796754991235e-03
1.069800180314384441e+01
6.858973162070371927e+02
1.867816048250638301e-03
5.899221550277855032e-03
2.917186540303395859e+01
7.019610902272461317e+01
6.335953856072485451e+02
5.733242087029443610e+02
1.446717133480220241e+02
2.610632971942271041e+01
6.867639071564072273e-01
1.022950999263964462e+02
2.867923404057009975e+02
5.603916942400860926e-03
1.874382510690975892e+02
4.401758469748402831e+02
3.241774145326688767e+02
1.847798222565498472e-03
8.474906476358032847e-01
7.885197930529304244e+01
5.063475176209879010e+02
5.067019270643015716e+00
9.950831620090633933e+00
3.001067364491989338e+02
1.934619608691263482e+00
4.387197792313950231e+02
6.079715134232933221e-02
2.370849758436286911e-02
1.682474126156062368e+02
1.949591656969663434e-03
5.506268208420046051e+00
3.844885908259782923e+02
2.461875700794175543e+02
4.078448849197744153e+02
1.765082604466426631e-03
1.546801613992411184e+01
6.591383273670554672e+02
4.138522546910500068e+02
3.474888138011345690e-02
2.689301182382183697e+01
5.266107248921672408e+02
6.872843547290859760e+02
5.470359481737674514e+02
7.363061086316261026e+02
1.932437001340263144e-03
3.267253493333788583e+01
3.604362448055296597e-01
2.468480309906605479e-03
6.752594947997764621e+02
3.083527467144229206e+00
7.646869193219586691e+01
1.031581803143843512e+00
1.676282442812782563e+02
1.583286928172291823e+02
7.316739206295806881e-03
5.457374486707931283e+02
1.461277476636202266e+02
6.437134381661677196e+01
3.170797486212061855e+01
6.582740624682525095e+02
1.446997016016780968e+01
2.573472811292327744e+00
1.817121911269837256e+02
5.073265586668476601e+00
1.487965130942252578e+00
1.272203235629314699e+00
5.473920462683472721e+01
3.634213461255528443e+01
3.515995955032570350e+02
1.796392592261958354e-02
1.932437001340263144e-03
6.994637906330275428e+02
7.166749686928799292e+02
2.086445287399781023e-01
1.099368425128836035e+00
1.661888844439077957e+02
3.354787334778434911e+02
6.134730641960135789e-03
1.031661803143842704e+00
1.625168061446269974e+02
7.446931162855565844e+01
5.564378280476241798e+02
6.373558055480395279e-02
8.102269064492018913e+01
2.638055175600316146e-02
3.127756524059375765e-01
5.312197137212823463e+02
6.602466504017100988e+02
4.041832636731878665e+02
1.799904813838380448e+02
1.717435474608029972e-03
5.651588852016287134e+00
6.314777098207177808e+00
5.290007641408710271e+00
5.466556804700855992e+02
1.702151022594680738e-03
2.498347233442401283e+00
1.713419342571724556e-03
5.161856242492796127e+02
5.617335555606089201e+02
4.322557750268946819e+01
1.890993218031452159e+02
1.153016383770293501e-01
1.111397138447809425e+02
5.615725104906873355e+01
7.005923764873842607e+00
3.736248432852541441e+02
6.676510859764308634e+02
2.723751253893870583e+01
4.469930958715879199e-01
5.323496612656673506e+02
2.838010861075019875e-01
4.158817419756132381e+02
6.939670799028490364e+02
1.698702597800106143e-03
5.923087814127210748e+01
2.100339050343807794e-03
6.325686861500697660e+02
1.080258311354078984e+02
4.203874391857643218e+02
2.440715351129277906e+02
6.035577490633795179e-03
4.375480563807646384e+00
4.800159954893657224e-03
2.814616865402249601e+01
1.882329222867377624e-03
6.157430405200195764e+02
6.662019842949948156e+01
1.685037103229015543e+02
1.676954310084808810e+02
4.661058899815583914e+02
6.655270401764750397e-03
4.603277409916119041e+02
8.266258869689028899e+00
3.300938715555548129e+02
1.237614819494158580e-01
1.705369264466772465e-03
4.671002351205423224e+02
6.629847029365076878e+02
1.939103668006930117e-03
3.539486096027525832e+02
1.041020046229939311e+02
3.306759393031383221e-01
2.411611922287766845e+02
5.121617764613292820e+02
1.170399740709388015e+00
1.727923463570763722e-03
1.053145356334132430e+02
1.179267973728429197e+01
4.094592281260113209e-01
1.321724061446262795e+02
1.579225196527704211e+00
1.698702597800106143e-03
8.584001803143845422e+00
1.957150075864058181e+01
6.656176881408435975e+02
8.231676838848241573e+01
9.880223423911818514e+00
1.147661919456149482e+00
5.905399032912365698e+01
1.103010672498972866e+01
2.098163314684897175e-03
3.283457489701942791e+02
1.939103668006930117e-03
4.058426219520618474e+02
5.157385470474850990e+02
2.484152890541808034e+01
6.638164179138735790e+02
1.733137850827958744e+02
5.603916942400860926e-03
5.726141305691853489e+01
1.268382829406146106e+00
5.123048925751071891e+01
3.585304741885819713e-01
3.385026344329340464e+00
1.862929209494566578e+02
4.643739383004565298e+02
6.384018977103974812e+00
3.806384536932836848e+00
5.534525938915386405e+02
3.504167786507046003e+02
8.002798003716734554e-01
1.869216139595667414e+01
7.966302825545144017e+00
1.170019586932653788e-02
4.842283610066593269e+02
4.074636309870792843e+02
2.762003937326158507e+02
2.463960082429603915e+01
1.250953924013003260e-01
1.049145982035717267e-02
4.883676410259432998e+00
6.607254979711188470e-02
3.481079565141940861e+02
3.813579927121508035e+02
2.674662818295160671e-02
2.835453818448829111e+02
5.135071988305653576e+02
6.487368917891411968e+01
5.341542616396056237e-02
1.422010232252839046e+02
6.721902921927032537e+01
1.626697383280764200e+02
1.601803619790961619e+01
2.098163314684897175e-03
2.054265904079039251e-01
2.967720433354484157e+02
8.449513218276210580e+01
3.003869379477523012e+02
4.241361943662513290e-01
1.138622362136002264e-01
1.326779252142305943e+01
6.273762539830594724e-03
5.872885264804402761e-01
1.698598030871921721e-03
5.109537962247574505e+00
1.815232203482586897e+02
1.221320482663771685e+02
5.452248313337656782e+02
3.240101704420955571e+02
1.707462363626794559e-03
2.468480309906605479e-03
1.693035989232782781e-03
1.260988654252036323e+00
9.270482279996037356e-01
1.659554656666391986e-03
2.100339050343807794e-03
2.667557343016806044e+02
5.322283397932610427e+01
9.147752626467904324e-01
5.675695201216840360e+02
1.096100335052239139e+00
1.795900832881258402e-01
3.930115962896520848e-02
4.461275959243171663e-02
1.447555847314256283e+01
1.173846896720822315e+02
6.767526939553823695e+01
3.653579645892677377e+02
4.656187139815089893e+01
1.702151022594680738e-03
4.503460161755124318e+02
2.824821118764747965e-02
4.424417188898443101e+02
2.701747059204424417e+01
1.698598030871921721e-03
1.443845129234816893e+00
8.116178118113930395e+01
1.342650812643285541e+01
1.705369264466772465e-03
2.286393091589569337e+01
2.063358354131468887e-03
6.885726736842697449e+01
6.819360508512877459e+02
7.786036250637161371e-02
1.294310146242487178e+02
1.698702597800106143e-03
6.747348515995248590e+02
4.299166716066652327e+01
6.937184713004175940e+00
1.003839477958994753e+00
2.971684401803545983e-01
5.714156545482119327e+02
2.295758613788844143e-03
6.699384646753256902e+02
4.732233747302754523e+02
3.080362925627525215e+02
6.847950594805817914e+00
1.531177528033336177e+00
3.372667953639024176e+02
8.615142771074706385e-01
2.444973930312521304e+02
4.576042558255090142e+01
1.058685268836607634e+02
1.258676865124116517e+02
2.485634170947453262e-03
6.652353226158441712e-02
1.153973689561341498e+00
4.984884698105105927e-01
6.898086417522871443e+02
5.194825472550611625e-03
9.698936524220916899e-01
3.872427485500132320e+02
4.278918950376475436e+02
9.569881287686149207e+00
7.098148431394706677e+02
1.149337594034324326e+02
7.926556021429834176e-02
5.081536272835965318e-02
3.851241018970379741e+02
7.173291009255734707e+02
7.365443472770020605e+01
1.217632400615175775e-01
3.411261056546619557e+02
1.698598030871921721e-03
6.352675754598496383e+01
7.596946749490512296e+00
1.714075909443527447e-03
8.141647879390220055e+00
1.752545841319353703e-01
1.244096258101680803e+02
3.049135629349324859e+02
1.095124440509642472e-01
1.015160984795531789e+02
2.999801568147429407e+02
5.121193533757593952e-02
1.664994975405055489e-03
8.082242424757830890e-02
4.151075950391723381e+02
5.309097123148749375e+01
2.093194024345139326e+01
3.045612730368067567e+00
3.643492730368069310e+00
1.889047335612294718e-03
3.104109034190165062e+02
2.901409772063862533e+02
8.457818598579760305e+01
1.698702597800106143e-03
6.341211286868650632e+02
1.698702597800106143e-03
1.046628366498990914e+01
6.017272087777791967e+02
1.942552092801504929e-03
3.846220853938001483e+02
1.333498183724683761e+00
2.099931981398308473e-02
1.262435624141960488e+02
1.331455549332986599e-01
4.320348876493524131e+02
1.698702597800106143e-03
1.767842677552040054e-01
3.269580688712119354e+02
1.138986919832479145e+02
2.702214713446762697e-03
6.786085477425208623e+00
3.092311300594965928e+01
2.381548648064976334e-02
3.484887845764275767e+02
5.041590660984630858e+02
8.091471360725982720e+01
8.945802364462114298e+00
1.698702597800106143e-03
1.698702597800106143e-03
6.770762193817686239e+02
2.119683526297499662e-02
3.001992826653071234e+02
1.932437001340263144e-03
1.759090220623359254e-03
4.848910882226291630e-01
1.954618302942762436e-03
1.884158110807137021e+01
1.072864697208597846e+02
4.504059473161386791e+02
4.376596942553003800e+01
4.655034984229865280e+00
1.491256725087885968e+02
1.956429839451205577e-03
3.440425482080424202e-01
2.435230850371085509e+01
3.244834252764393057e+01
1.245913468270742612e+02
2.625048705948068459e+02
5.262576667941955293e+02
5.612112725188897144e+01
7.620072046315374159e+00
5.800092488522153644e+00
1.109987195577859325e+02
5.050792291433241417e+02
1.387756577555472604e-01
8.455277686476735255e+01
6.688506974632915671e+02
1.038770704040317128e+01
6.717484293388678225e+02
1.073227157488824020e+02
9.870858286923507308e+01
3.329785291735639641e-01
7.872366468239779813e-01
1.684576672119065677e+01
1.865971988965800001e-03
1.698702597800106143e-03
6.748107261174412486e+01
1.301301689797134920e+01
1.939103668006930117e-03
4.198716604306007980e+02
1.495451690540999152e+02
1.751389305804610785e+02
3.545988314069421676e+01
1.515225972352600081e+02
8.642807120077254934e-01
1.176029483052835332e+02
1.698702597800106143e-03
2.529443213103739652e+01
4.818284377088663746e+02
3.141584828172094745e+01
6.380954676001420012e+02
1.078796844651210618e+00
3.884202411761497160e+02
1.939103668006930117e-03
3.631675023565572360e+02
5.249985113686969629e-02
1.867816048250638301e-03
1.865971988965800001e-03
7.210710308869803384e+02
1.655262000009209373e+02
4.162408862530084974e+01
3.934111203599504059e+00
2.609505909206344541e+02
4.297168493720760125e+02
5.428010089112427217e+00
2.890800764777626455e+02
2.458037507828790269e-01
3.933619275210959643e+01
1.937696962643281314e-03
6.962014721190656452e+00
7.729229820230696646e+01
1.361170239493380674e+00
2.080550333993063938e-01
2.295977475579033446e-03
1.913885353308909600e+02
2.467959355796885048e-03
6.449673429045343909e+00
8.139260396697181932e+01
1.705369264466772465e-03
1.552509349811105288e+01
7.778358521484030064e+01
2.820801572822439240e+01
3.480639392661319675e+02
1.880088704925601428e+00
6.082111179234223073e+02
6.314777098207177808e+00
8.323234875648644060e-01
4.141079959781630154e-02
3.134348469810511961e+00
3.492068972292167359e+02
6.827878620634893423e+02
5.975593669401728221e+02
3.934110594805817485e+00
1.031576378985525677e+00
1.016806779693761424e-02
1.851593675163288655e+00
3.391846144625660475e+00
1.165173911333217802e+02
4.670439671267814674e+00
1.853708672631850263e+01
3.816345321884505037e-01
6.427218161058433452e+02
3.429446313946240554e+00
4.892243753531720927e+02
4.147383805714617289e-01
9.694058185625342716e-01
5.370994263704610638e+00
3.452187281612938818e+02
1.397383432057106489e+01
2.923700482586798710e+00
2.696624904150243113e-02
1.499739452631582424e+02
1.043483057671752334e+01
2.841274394005707027e+00
1.698598030871921721e-03
3.656419255111894131e+02
9.281183074440519931e-01
9.367880994424342589e+01
1.939103668006930117e-03
1.557113729112820408e+02
6.895296473081579336e+01
2.928017558814699441e+02
2.843927623796509465e+02
2.685267822186683588e+02
1.751609688961520972e-03
3.679971917136563686e+00
1.865971988965800001e-03
8.367969538464805623e-01
1.705369264466772465e-03
1.705369264466772465e-03
5.873514552595755731e+02
1.698702597800106143e-03
1.217005956734752630e+02
1.165515135453604412e+00
5.149439360210800487e+02
1.698702597800106143e-03
2.133130146361141612e+02
7.154514069055555581e+01
3.358767596311395404e-02
2.441309355185017580e+02
2.246096314002359051e+01
3.009995271944997342e+01
4.183443988397841053e+02
5.076195858403432908e+02
2.287528156836446502e+00
8.407342798693814845e-02
1.008501366563205437e+02
3.758912017711546127e+02
5.299307971900886649e+00
1.935885426134838173e-03
1.651273219899824767e+02
5.586182990480524288e-03
1.297983155356407394e+02
1.560904995780235254e+02
6.343032811292331097e+00
2.234299758030551786e+01
1.698778069586947836e+01
1.705221549725450259e-01
6.876483438468178520e+02
1.698702597800106143e-03
6.359507709244978741e+02
2.436061714906701354e+02
2.862782545431703056e+02
3.220584538159649668e+01
2.074622684698113346e+02
3.334682585394145582e-02
1.705369264466772465e-03
1.692519075753197342e+02
1.932332434412078722e-03
3.424424828040402531e+02
4.908989607028843238e+02
5.289634308075377156e+00
1.956429839451205577e-03
1.705369264466772465e-03
4.748856890138059157e+02
5.826726394940598963e-01
3.445982025497551504e-02
1.733261264407736135e+01
3.172273671236328241e+01
2.263621950928491344e+01
1.453443499075025613e+02
1.060648004461502438e+02
5.551571953245450004e+02
3.834605741091202447e+00
5.124576859813461169e+02
1.707357796698610137e-03
1.926720090551951046e+02
2.354276544285722750e+01
6.004649003782971022e+02
3.581210082023073699e-02
7.411841065610174084e-01
5.056587175019099334e+01
3.516985033392641125e+00
1.646455677797293902e+02
1.772608710896935672e-03
6.744293293827290654e+02
1.346723079078003025e+02
1.591071687174614446e-01
1.020241544504489042e+02
2.444282235081133691e-03
3.003307370048074176e+02
2.422506639001732367e+02
2.861906601073288883e-02
4.273431138793938544e+02
3.293353902320667430e+02
3.908278894621248583e+02
1.708817689261347712e-03
4.353473133679564171e+02
2.785733313579972332e+02
1.449092965507581543e-01
2.217006259440180216e+01
4.451424026308411186e+01
2.243220357325798631e+01
3.568589632716522715e+02
1.002791383970873251e-02
5.578404460824380067e+02
6.567470849892545175e+02
1.633405706833463569e+02
5.632623450034165286e-02
9.529597152844605512e-01
2.770353388289357177e+00
3.806863698160459109e+01
1.068109141852921198e+02
1.103480930602731576e+02
1.687323529243031146e+02
5.043681305234219536e+00
1.371912152771310822e+01
9.112255782703778095e+01
4.090449355985553552e+02
2.852044085964620308e+02
1.932437001340263144e-03
4.409207871515893657e+02
2.086771373014751418e+01
6.453997677292743163e+01
1.523800130817750187e+02
1.763704282618754746e+02
1.636221457844526412e+02
2.811827597013725200e-01
1.720883899402605218e-03
2.459797096820860673e+01
1.558091110335502378e+02
1.751609688961520972e-03
1.893414885513093004e+00
3.071306121773855202e-01
5.802686989835199177e-02
1.364146848503922911e+02
1.474098930956575160e+01
2.357896250926705850e+00
1.557860551534080571e+02
1.188209554160431196e+02
3.084508939697193455e+02
2.174786192277761359e+02
5.490350582469312712e+02
1.282922948482722632e+02
9.693413204538045905e-03
3.060679485292927549e-03
1.867816048250638301e-03
3.559483011806784702e+01
2.765747917598323511e+02
1.931622250948711490e-03
7.974046081991392043e+01
4.175404103249771879e+02
1.707462363626794559e-03
4.689137367100586484e-01
3.109393977021994004e+01
4.878907072348928967e-03
2.680923922368574353e+00
2.867883656233624734e+00
2.490513132064521018e-01
3.219065017267128042e+02
4.055179670689368265e+01
2.861906601073288883e-02
1.942623588681106775e-03
1.335891789789755819e+02
2.098163314684897175e-03
1.003744994741684549e+00
6.349267096954703220e+02
1.932437001340263144e-03
1.705369264466772465e-03
1.698702597800106143e-03
1.994835202314897060e+01
3.383325789986813561e+02
2.139991473337660821e+01
1.698702597800106143e-03
4.261054160226877485e+01
4.992324659042221668e+01
1.691749715952502129e+02
4.575596545319873343e+01
1.659554656666391986e-03
3.665176863762196149e+02
2.411082162872192498e+02
6.134730641960135789e-03
1.705369264466772465e-03
3.326148120049033263e+00
6.415690687220816812e+01
2.170554368928572728e+02
7.213592136717025483e+01
1.921211537022154516e+02
1.956540085162619746e+01
3.648053921559106243e+02
1.705369264466772465e-03
1.911047530458857314e-03
6.562680892696270973e+01
3.013936020581477138e+01
1.705369264466772465e-03
2.190337306468452283e+01
9.798603654445372513e+01
7.095331662922470741e+02
5.603916942400860926e-03
2.848166771492789167e+02
8.490423737007168903e-01
3.934122455974577548e+00
3.879287425346242202e+01
1.139808802427565269e+02
1.932332434412078722e-03
9.655839663201339906e-01
2.657112811292328569e+00
5.557026421111131640e+02
3.752417191380645818e+02
7.857780958146229011e+01
1.111567218330120994e+02
5.366109384591019307e+02
9.649999401030093793e+00
1.135127499801573379e+02
1.698702597800106143e-03
2.051629042807141730e+02
3.406522052820857294e+00
3.412115660324811089e-02
1.493039892087188036e+02
2.684011892334206664e+02
5.029858679136636113e+01
1.709555038744737208e-03
1.134984211699509471e+00
2.482235084698109517e+02
3.839159467051225647e+02
6.964828606786402361e+02
6.523879306467282504e+02
3.645255365562563910e+00
2.781464574828194714e+01
6.462433788519448399e+02
3.723404026204101456e+02
1.535058693278936914e+02
4.222729257153606568e+02
3.324843793435839245e+01
6.224884305204657267e+02
1.717435474608029972e-03
6.600043062431135255e+00
8.977546325416162176e+01
4.008877185676529820e+01
1.082351300886364776e+00
5.428032508913967213e-02
7.433827842704107525e+01
3.268978314623649339e+02
2.467959355796885048e-03
1.867816048250638301e-03
6.058254397049036015e+02
1.590908825701914679e+02
2.904834531824729424e+02
3.461200109791397889e-02
2.601312780943315417e+00
2.123951517058018990e+00
1.867816048250638301e-03
3.289843330513575665e+02
2.047423889682547848e+00
4.431628241982099325e+02
5.199573843571447469e+02
2.725108961520712114e+01
1.873112948428026447e+00
2.364154473916337817e-01
2.246212705948069583e+02
3.135540600693693705e+02
8.976317007202152354e+01
5.745289413778767340e+01
1.059568877867121728e+02
2.265514102206968739e-03
5.471351065790233861e+02
4.160601346396626923e+02
9.487894388920344113e+01
1.294447217303088760e+00
1.003744994741684549e+00
6.838823597912945615e+02
1.305704109149474235e+01
1.114530025531015545e+00
1.530990960217948560e+00
1.722695435911048142e-03
1.823203478126612609e+01
1.698702597800106143e-03
2.242088512861628753e-03
5.329147550360731884e+02
2.463491059241390815e+02
3.214444003301183557e+02
1.698702597800106143e-03
1.707462363626794559e-03
1.039033886649228755e+01
6.765586669052196385e+02
6.755209186345119576e+01
2.381604616651969764e+00
2.040943415134567705e-03
2.477434724084900495e+02
5.467006346804651002e+02
1.792659320512763081e-03
2.096779903246611624e-03
5.470894335378249929e-03
3.479616134592215531e+02
7.090120844788540353e+02
2.966859883957322950e+02
1.974584985484148092e+01
2.043284526066953821e-01
3.246370147822723311e+02
7.151642440426390124e+01
1.228904096422010206e-01
4.236142167310464970e+02
4.745536272835965130e-02
4.968348819063364772e+02
3.452726548070478990e-02
1.371130769029264229e+01
5.107207150612346709e+02
5.390456514145840856e+02
3.070030960619722578e+02
3.982837299572071776e-01
5.383538342834684798e+00
6.390528078600549167e-02
6.166482776367171255e+02
1.256111710800390568e+01
6.764003772253670377e+02
3.673101556563553345e+02
1.460192380014594526e+01
6.655568889341856220e+02
6.887144901579854377e+02
3.255268309849899424e+02
1.416020264914943141e+02
2.090470228339722780e+01
4.101021562866757790e+02
2.587593720241405104e-01
4.623840985640446100e+00
1.276300848128014387e+01
1.939103668006930117e-03
6.932611564982910091e-02
5.021722605550409391e-01
3.792311277077614307e+01
8.180963062431130695e+00
3.899164824537115770e-02
2.174802971439028232e-01
2.466289739562294514e+01
1.377674330145993622e+02
2.895349691093555666e+00
1.920787878533245690e-03
8.909763190957175993e+01
2.187376622016788952e-01
3.027477808438890605e+01
1.254144083761087547e+00
5.676093407162102267e+02
2.028536736112571993e-03
1.720966435224927977e+02
5.270696303034505945e+02
1.836445043174095986e+02
3.176293195581336590e+02
6.652855542495734653e+02
3.609784413057480492e+02
1.033503456319767366e+01
1.935885426134838173e-03
5.427910366800692971e-02
3.048298532911975032e-03
2.491867597794983737e+02
3.163006118696721547e+00
2.943472913482344779e+02
6.714667374951005741e+02
6.996621402444525017e+01
3.419368774899492109e+02
6.315274460330761418e-03
6.355373949254430954e+02
1.971181378737189016e+00
1.328788130523421351e+01
8.221478896268112624e-03
1.865971988965800001e-03
3.531428996139857759e+02
1.299928001131596034e+02
2.253785062451260646e-03
1.705369264466772465e-03
8.730198266217124115e+01
3.416498685387222167e+02
4.111406193157923994e+00
1.753739471834309995e+02
3.750651744949490194e+02
1.932437001340263144e-03
1.705369264466772465e-03
6.575883282707053468e+01
1.765082604466426631e-03
1.620207363182513802e+02
1.932437001340263144e-03
6.035274460330765020e-03
3.561345284018386792e+02
5.605959077252466614e+02
3.639289851912944300e+02
6.315274460330761418e-03
6.432094390344714157e+02
6.264908327228058127e-01
6.445700052386430343e+02
9.135806114276649126e+00
3.842325119363727026e+01
3.464891958600476585e+01
2.430198928251092912e-03
5.604219972703892820e-03
2.869416600251757359e+02
1.735868440139101354e+00
5.353028906251648678e-02
6.499299039107265799e+02
6.991759052322811385e+01
4.252311304237897716e+00
2.573035631581469218e+01
4.059242427992778346e+01
1.145961452448238216e+00
4.898678673744876733e+01
7.414789345729190018e+01
3.715871203295986902e+02
6.728112923278013356e-04
1.698553009406873260e+00
1.698702597800106143e-03
1.698702597800106143e-03
2.272770222123812633e+00
4.525553833442921814e+01
1.765082604466426631e-03
3.289826036405248146e+02
7.613369840668243738e-01
5.732184641814045278e+01
1.345535195193042739e+02
4.036258075392991032e+02
2.677377732152954048e-01
1.743603120643812468e-02
2.279276551805155009e+02
6.319975920998957690e+02
1.951169878148187407e-03
2.230473524230263536e+02
6.366773274090923707e+01
6.322621764576605301e+02
1.572312004090670623e+00
6.647141985100985266e+02
6.769235231138244444e+02
4.138606112447444640e-02
6.354353728098045622e+02
1.705369264466772465e-03
4.964384704443055796e+01
1.308210882895030025e+01
3.371049223864792249e-02
1.867869169100571736e-03
6.752674085110053284e+02
1.857672811292328641e+00
2.865859561673038769e+01
4.287012279300153637e+02
1.334794461773233021e+00
8.336829367132922997e+00
6.871149156126008393e+02
1.867816048250638301e-03
1.600758113668640874e+02
1.832882674715047159e-03
6.536031560317461526e+02
1.501575135453603771e+00
2.391989149133780757e+02
4.912654075250177925e+02
2.196464524710936561e-03
1.311295472165234344e+02
5.238631895601640887e-01
5.895042889510517625e+02
4.028312439587221350e-02
2.552950290433633427e+02
6.518671227154869996e+01
6.522211952215061004e+00
5.971749365960208706e+02
9.225185044156763992e-02
6.645042192630613727e+02
3.527703478762977625e+02
6.595280855494509069e+02
8.292093725411875837e+00
3.814360306711772637e+02
3.389402813342170528e-01
8.542886699018210095e+01
2.919030783885434630e+02
6.473665686900422997e+02
3.852342963248222532e+02
3.566752852543930885e+01
1.418972914391532036e+01
2.942415356100436838e+02
1.707357796698610137e-03
5.247911378269080842e+02
3.838668959661878262e+02
4.661793980536294271e+02
1.339937495676860237e+02
2.894580967514151553e+02
3.255236364130132642e+02
6.822386383845473574e+02
2.405457087088162211e+02
2.960973864100728861e+02
2.242682166796231957e-03
3.450524084379809437e+02
5.910993064192148267e+02
5.654428091343719416e+02
1.642724127716114992e+02
5.697347454774092057e+02
4.853415128171338324e+02
1.380008218836163980e+00
2.406489910494350681e+02
1.251929070249453657e+00
7.265820728090700413e+02
9.989943856414467405e+01
7.481002985146188848e+02
4.971647329862254883e-01
7.164380225950000636e+01
1.516205706185913584e+02
3.040199027460743153e+01
6.002891388813730300e-02
1.055951613232797071e+00
3.111159645190920173e+02
1.954618302942762436e-03
1.763534298045375124e+02
1.219966906784752183e+02
6.713352288486058583e+00
7.081719045207101999e+02
2.221843562875380484e-01
3.033596936454053150e+01
5.701672357409179313e+02
3.129779440123517702e+02
6.850549750351668763e+02
1.398058392813915773e+01
6.503398802982003417e+02
1.254811883071241141e+02
2.554942589641375861e+01
5.743373124030232667e-03
1.589640281983004684e+02
1.791382941274016503e+02
1.452896887610410204e+02
3.479310792040963634e+02
1.705369264466772465e-03
2.931694343760356674e+02
2.516449940858587695e+02
2.911334466807369949e+02
2.997571322957503615e+00
1.707357796698610137e-03
6.648042279178883973e+02
1.715659578767433522e-03
5.334868097210222686e+02
3.625234909134849026e-01
1.155006751661813347e+01
1.315557725182320975e-02
1.653009746658560530e+01
3.398700316446253851e+02
6.365596966559082830e+02
5.139423361151320933e+02
7.304423386392423367e+01
6.135847322936301973e-01
2.900330984735120410e+00
3.400937707000864396e+00
3.090275816942001939e+02
3.115497300098721780e+02
3.009271378779559427e+02
1.315440078123497614e-02
2.971604506212178194e+02
6.979015424310787239e+02
5.870506887088248504e+02
2.883087366326394019e+01
5.189487758032059901e+02
2.712738837291578307e+02
1.021847612635887304e+00
4.248121622727920794e+02
2.239923606027525604e+00
4.694008580535647468e+01
1.873265227911681166e+02
2.947589295473320159e-01
6.213676152178949919e-02
6.531528319661420445e-01
4.387122851793945983e+02
4.439350928538167977e+02
4.361675798380072244e+00
2.276918232086714067e+00
3.008315971029670166e+01
6.480461052614776918e+02
5.341219955615563464e+01
2.307546299443481441e+00
2.084746478639865188e+02
1.341040376487384655e+01
6.522406462087931232e+02
4.586462803630166007e+01
1.706132484778601554e-03
3.259979829642958293e+02
3.187853941200303893e+02
3.610098526062079713e+02
7.119990497734221435e+01
3.623324668822857575e+02
4.330737418024011163e+02
1.484805054496798427e+01
1.226171536266077169e+02
2.788042053400434952e+02
3.297419822222231005e+02
1.507205215695057632e+02
7.651194056208690530e-02
6.318512155075976580e+02
1.187278048318303192e+01
4.661010815790311312e+01
1.031661622786407051e+00
1.698702597800106143e-03
1.436760024298599774e+02
3.034202328315133173e+02
3.181573250201382734e+02
1.318319571814493258e+02
4.839354882431830956e-02
1.013698846981051283e+01
1.717446237775322402e+02
4.287479951552969624e+02
5.272311880600140057e+02
6.365909382257325433e+01
4.171510193679769145e+02
1.161249675712635536e+02
1.705369264466772465e-03
2.435214571450715582e+01
1.698702597800106143e-03
6.471990427486202861e+02
4.209548555148963942e+02
5.872266813334430680e+00
6.608800761136941759e-02
1.931622250948711490e-03
3.400937098207177822e+00
3.939188644367496295e+02
1.918011236562347506e+02
2.810330796689487798e+01
1.733937157857669623e-02
7.792935250904849731e+00
6.577984706123898206e+01
2.273831310152436345e+02
6.947554975079382302e+02
6.415602227530145285e+01
1.359044918670340678e+02
6.864993861837604960e+00
8.650497001094443306e+01
7.597558921436555757e+00
5.399889655066968108e-02
9.631467781254728910e-01
2.381354975160469323e+01
3.503686291239240518e+02
7.530975287031477228e-02
5.617654232360622757e+01
5.255008285064880491e-01
3.899247759146366038e-02
2.038912795273887824e+01
1.709555038744737208e-03
1.856811979605157319e+02
1.855392176367546275e+00
1.066951121990212525e-01
3.995831475211424788e+01
1.611559625108239802e-01
1.939103668006930117e-03
5.603916942400860926e-03
6.626582613821492487e+02
6.115110128231330009e+02
3.999883676311347926e+02
2.119393489978308592e-02
2.104672293573445641e-03
2.827192078595074918e+02
1.932437001340263144e-03
6.405642058349578747e+02
6.670332250962449052e+02
2.182885690706749759e+00
9.589783761857644606e+01
4.495542291467123697e+00
3.336908640507976997e+01
4.203806102886047711e+02
6.100638878337419868e+01
5.440107677077756989e+02
1.701827368299239751e+00
3.360240403619935705e+02
6.585808305902333792e+00
4.061829649224587229e+02
1.967630746681530134e-03
2.025579679589466497e+00
7.444229412384470379e+01
2.838010861075019875e-01
6.257033672263165661e-03
4.733880240823448844e+02
5.585768614811478301e+02
1.056938603541965627e+01
1.163786312283680928e+02
1.765082604466426631e-03
3.057710276954394431e+02
3.395628905590465934e+02
4.485934561485835275e+02
2.237311804595956630e+02
4.070606658296921978e+02
2.692789904109488361e+02
6.100912606155710591e+02
4.976828468786956172e+00
1.691045107693906965e-02
1.256873665400548532e+02
5.024907407468806468e+02
1.924733311493316137e+02
1.336477902341212882e+02
1.076808213413451565e+00
5.153236842654744798e-01
5.347001105635006724e+01
4.730130269191936065e+01
3.604815999460804776e-01
1.664994975405055489e-03
1.422763381335321806e-02
4.316213960497865969e+02
7.191468143095612886e-01
2.068139447609981918e+00
1.393933125170823684e-01
3.598842754191122708e+02
1.596333448291229265e-02
1.701381094230137876e+02
1.260404046230144814e+02
1.061929105336892007e+02
6.805316240866225144e+02
3.066963752758607029e+02
5.337415815262905880e+02
1.703962559103124096e-03
2.767221400968493867e+02
1.788604012356310022e+02
6.041872107921369661e+02
3.471673857280561659e-01
1.932437001340263144e-03
2.584678921263731510e+01
4.988833394709949971e+02
8.329623859629928972e+01
1.564749712318859176e+00
1.932332434412078722e-03
6.574282522482999980e+01
4.902513222318467001e+01
2.165921672465697334e+00
1.932719556068315803e-03
1.926254443938754557e+00
2.706505894259840943e+02
6.014384445948152136e-01
3.372079382848852447e+02
5.077493274668849477e-01
9.463851562800879691e+00
9.469153721436824878e-01
6.744550966159386007e+02
1.341526857457094740e-02
1.742313026178501048e+02
6.366974527062127520e-03
6.958696799366200025e+01
2.218299494185901466e+01
2.887497084573229813e+02
7.438767323728317366e-03
2.038038231011748636e+01
6.334244157300455806e-03
2.416968266331214750e+02
3.400937707000864396e+00
1.698702597800106143e-03
2.321443336293508963e+00
9.984089384534692968e+00
3.244627499939299042e+01
3.739205234509769298e+02
2.971488067229723085e-03
1.659554656666391986e-03
6.041129483826408659e+02
6.212749378263880962e-01
5.742838441571858181e-03
4.706629395050908329e+02
9.036457112407342507e+00
3.660577735981799918e+01
1.848124928292450520e+01
1.017280808675949828e+02
6.817515713556018682e+02
1.368494769308372270e+02
3.131253938123667591e-01
1.897191767578310539e+00
9.820519144948703172e+01
2.455977475579032999e-03
3.588851299747101393e+02
4.435572420789135051e-01
6.677024577407413517e+02
4.007132828743652340e+02
1.642402131365474915e-01
1.442033357293908296e+02
5.914331163989385853e-01
2.656691239166207552e+01
9.396305513647700991e+01
1.449764765820884804e+02
5.879115183850433368e+02
6.639450394136426326e+01
3.333283445295836600e+02
1.697155810010163024e-01
2.170115136477178464e+00
1.980082003187318834e-02
1.839798472989979949e-01
6.515620776879178493e+02
5.905757749295330683e+01
5.399889655066968108e-02
7.535033199911414514e-02
2.788212541287225008e+02
5.977960360616337994e+02
6.585990211447833076e+01
3.031605818450934242e-01
1.271186423665636722e-01
1.489450922129057275e+01
1.604449065724354853e+02
9.893329506806568929e+01
6.315274460330761418e-03
1.042155903449633048e+00
6.979130517894563468e+01
2.943835784509158705e-03
9.663278229770291716e+01
6.054142559563507713e-03
4.927609093888881375e+02
4.771684776298191523e-03
1.610864896693129822e+02
5.504227668711584795e-03
1.151598375765093607e+01
8.491971340700336768e+00
4.237052026236330704e+01
1.111151559988557525e+00
4.480571637125735265e+02
3.098716853847687389e+02
1.664994975405055489e-03
6.649644346704656865e-03
1.707357796698610137e-03
2.948480139531432442e+01
1.400220033798211432e+02
2.357099519990634562e+01
6.963514312530048755e+02
2.199917081887538001e-03
4.978196067829954075e+01
7.018178517648104853e-02
2.131807931286407776e+00
9.491612693515422450e+01
4.515547328030328211e-01
4.509984526506490852e+02
3.162569528192378243e+02
2.706768595417323731e+00
6.025057661485474227e+02
6.365818940713855909e+02
9.255448227653028326e+00
1.251557043959510018e+01
2.947124407514190239e+02
1.231849682684559788e+01
4.328179659398963963e+02
1.768518420814209833e+02
3.581517010838752526e+02
1.249912130523421183e+01
4.175566377741687596e+00
2.836956514045299969e+02
3.358619745809248229e+02
1.088736392291684325e+02
1.100543202993386700e+02
1.689069956825544061e+00
3.985396445466591899e+02
1.845649937403561296e+02
2.334708469810511833e+00
2.355208469810511573e+00
2.238278989052104768e-03
3.388380157035899742e+02
8.611622195095468557e-01
1.998817008006584066e-03
1.034251421945730698e+02
1.842506541522176349e+02
9.938296319816415647e-02
1.705369264466772465e-03
5.047817592000984632e+02
5.741704395320093681e+02
1.871264473045212897e-03
1.718307957504858052e+02
6.734761969539580377e+02
1.002349344982422252e+01
2.818718127661537162e-02
8.532951253984762729e+00
1.029778172001659264e+01
4.854273920595222762e+02
6.482223886878254007e+02
6.932161838406221932e+01
2.665642829614158131e+02
2.334628469810511753e+00
5.757929744041035747e+02
6.152545165213604861e+01
1.927454545199912446e-03
4.740378348484289717e+01
4.800159954893657224e-03
2.517071606645382786e+01
3.954306608571430957e+02
3.570896419783444742e-01
5.895585186641491386e-03
1.932437001340263144e-03
1.815486024671627163e+01
6.868653169683927899e+02
1.932437001340263144e-03
2.494681285651923019e+02
1.709190586762839026e-03
1.529421717981929163e+01
4.791606717956007060e+02
5.391595766764115751e+02
3.134127809433140399e-01
1.235190810932950578e+00
4.098450109589508088e+02
2.381196330180128840e+01
8.775904110004358216e+00
8.451149830152026254e+00
5.036484091430139427e-03
1.933676438784602851e+02
4.080160218510660286e+01
9.825016713670450486e+01
1.301661802120270828e+00
3.621026032030193846e+02
3.644034444490435476e+02
6.631639144619188073e+02
1.939103668006930117e-03
5.258248254518566966e+01
1.708817689261347712e-03
6.485936290446871055e+01
1.943428443236158287e+01
7.131392353027132458e+02
3.577264379838308628e+01
1.706701229826806812e-03
4.518144922396917309e+02
5.661167397184212291e+01
3.411308778117664448e-02
5.261586385799869175e-02
2.699964048603473898e+01
6.654308024126987675e+02
1.545985706860595883e+02
6.662865363889947048e+02
6.948308072729772675e+02
2.368583981770088087e+02
5.320645145261409681e+01
3.374173386042059741e-01
1.187376921028342167e+02
5.733904094162879801e+02
1.731593228672033691e-01
2.789335973798893633e+02
1.924227793014887027e+02
2.683732708847292088e+02
1.411601129646672064e+02
6.656833769914136667e+01
4.714541919155336089e-03
4.487003480788063570e+01
5.738416881765413109e+02
2.185831349753150619e+02
1.702151022594680738e-03
9.417556887104275631e+01
6.551088299014456879e+02
3.079542693150282839e-01
2.051612322385437323e-03
7.281756986291811700e+02
2.989236956950106787e+02
4.245789539259239973e+02
5.187936630134711180e+01
8.590622068813244527e-02
6.883378750244814083e-03
3.733413936481440487e+00
2.000249855722441988e-02
1.367721394476107548e+02
3.502803400573852173e+02
6.592250914730964269e+02
1.706805796754991235e-03
7.420197825304883281e+02
2.536694629860533112e+01
2.841860733874613061e+02
4.741151417215572224e+02
6.184183632687882959e-01
5.120676699545790598e+02
4.625968134586417868e-01
5.820075829598644077e+02
1.107530626950985198e-02
1.219017969818667474e-01
1.932437001340263144e-03
1.225512266711156855e+02
8.051450024146269868e+00
7.255318773458177475e+02
6.445773348680019126e+02
7.166048575040107060e-01
1.204664961767725417e+00
1.395938512582685753e+00
1.924260797429427043e+02
6.986730884898955765e+02
9.028079176484647306e+00
3.222051779475385160e+02
3.728032180702964792e-03
2.747625525541369385e+01
7.558362239584981435e-02
2.960161345855856663e+00
5.659967354965596442e+00
1.348297148398524996e+02
6.607254979711188470e-02
2.356538188557436513e+02
2.260951078898183919e+00
9.841450890887639957e+01
1.430491828563210106e+02
6.615577445287137834e+02
2.663292836643840200e+00
5.513297867205742449e-03
5.313912811292332172e+00
4.291963462052798661e+01
1.647656596060618313e+02
2.600555770701555580e-03
4.198996963144886649e+02
6.965682457595921973e-01
3.087952780943313602e+00
4.850479449699120096e+02
3.831585637122896628e+02
3.464270531706592351e+02
4.417561421621853945e-01
3.447686559491778407e-02
7.387691815867583056e-01
6.473680090825578191e+02
2.128186053192272595e+02
7.550529974359125163e+01
1.037185671507989895e+02
3.071798934103768488e+02
7.872366468239779813e-01
6.148255816919755290e+01
3.471733191833686760e+02
3.759094568948990189e-01
1.867816048250638301e-03
5.900512377309764522e-01
1.534381058693822979e+02
1.618327333657320111e+01
4.930749649680674906e+02
7.399953867640159721e+00
3.089653140294524647e+01
1.714075909443527447e-03
3.145903369239647418e+02
2.686910423512820785e+02
1.507893988424524948e-02
2.652295131400537187e+01
2.879403743690166217e-02
8.443374196300436552e+01
1.707462363626794559e-03
3.763123255109717320e+02
3.161683059481809437e+02
6.620757445080377011e+02
7.634832900886117102e+01
2.685309396264280224e+00
3.077074511600631013e+02
2.147810222275137164e+02
2.432208963272509550e+02
6.816875929321320200e+02
1.548554957681076150e-01
2.891297903643004474e+02
6.707668796111111078e+02
4.515123880089345789e+02
1.146924167836240969e+02
1.665589339051312722e-03
6.867639071564072273e-01
5.436931024074125389e+02
5.330075842494975014e+00
1.893289060206548987e-03
5.176085187800257004e-02
1.173631575030476526e+01
1.705369264466772465e-03
5.185719124397026008e+02
1.451709445865676287e+02
2.798628651246623988e+01
1.492105944745212298e+00
1.693035989232782781e-03
1.847798222565498472e-03
4.336469449086745840e+02
2.047647171188490915e+02
8.898361316939616472e+01
5.612564146469813977e+02
3.470704783596661258e+01
4.172756103869769417e-02
4.231499778716241167e+02
7.363694700000005469e+02
2.114424754576449175e+02
3.998448273464769165e-02
8.851029002861942274e+01
7.724330938470560515e-01
1.705369264466772465e-03
7.684488801061696746e-03
1.807563764576845529e+02
3.513959998046644273e+02
1.806165884309769183e+02
1.698702597800106143e-03
7.438767323728317366e-03
2.258550826554147836e-03
1.269662276372083731e+00
5.096661604761917488e+02
7.135135784163057906e+02
6.975703416666644898e+02
3.895498035854885188e+02
4.496584569727587244e+00
5.855330750586851991e+02
2.669424472903133392e+02
1.905983141367473710e+00
5.604219972703892820e-03
1.932437001340263144e-03
3.041680123130680045e+02
5.631276291254324917e+01
5.463803309766198026e+02
2.202452931227732051e+02
2.645637146486345612e-02
1.119268003295711651e+02
1.470323319494392820e+02
3.892436139563149595e+02
1.698702597800106143e-03
7.907979378271386395e+01
6.270487295221043667e+01
1.893351150710044228e+00
4.797137037692325521e+02
1.698702597800106143e-03
6.324730491155028744e+01
1.223622648956682326e+02
4.546293238688708698e+02
1.069800180314384441e+01
1.357915790016295254e-02
6.504716694580615410e+01
4.516406446189153101e+00
1.294420045455065633e+02
8.317251755184216222e+01
1.003799477958994713e+00
2.997710864554709360e+02
8.368518314963237226e-02
1.170996093345769680e+02
1.501903025484755197e-02
4.558974167190599758e+01
1.102932111626384604e+00
1.833165071757568967e+02
1.709555038744737208e-03
1.492215116329998992e+01
4.931322025987232678e+02
3.324654786715699917e+00
3.405170504178995028e+00
1.385102706561742707e+02
2.334628469810511753e+00
5.070503612211782070e+02
5.286198087409516688e+00
4.149890068482183642e-02
2.765342708880581313e+02
2.679360804088541670e+01
1.657374887954945475e+00
5.352928912993039603e+02
1.136331128112924063e+02
2.659261169799022468e+02
2.319566468239780133e-01
1.112495786208000936e+01
8.131907573456551575e+00
2.820052771713993725e-02
3.842810826390878560e+02
6.634785052172392170e+02
3.527575715755210126e+02
6.907838158422469066e-03
1.072036641898009179e+02
2.088162151364781778e+02
7.611528449219199244e-01
1.403809834338067297e+01
1.985344092501677756e-03
6.971082698409977638e+02
2.463386177555250001e+01
1.939103668006930117e-03
8.663241775042538961e+01
1.196433720013568092e+01
6.643467427803607939e-02
1.234444261292133547e+02
4.337936187253775415e+02
1.710553868650328866e+02
2.040562723389743383e+01
6.964859854007886497e+01
1.939103668006930117e-03
5.110639374206496086e+02
5.478872788256398962e+02
3.155520828962714644e-03
1.885275258317297542e+01
4.476821947744339809e+02
4.776402216354590564e+02
1.939103668006930117e-03
6.597728791070005627e+02
1.215810296785420093e+02
1.365470503639525379e-01
9.771578229452809694e+01
6.055665567525298637e-02
3.013880741189500441e+02
2.456090690021993623e+02
1.264044470355544547e+01
3.276472525337000548e+02
1.066979477958993616e+00
1.939103668006930117e-03
4.923183114047641311e+02
3.321825649907301781e-01
2.460539271067441799e-03
1.438362258862857734e+00
3.801189403825470237e+01
3.807698153319014067e-01
4.167555255661369529e+02
2.116457503193380489e+02
3.162067827114684064e+02
4.542436834704154194e+02
1.932437001340263144e-03
4.995539292190941810e-02
5.852997741648817964e+02
1.715659578767433522e-03
3.971673093847058578e+00
1.007763085971348005e+01
4.860026205847490371e-02
1.709190586762839026e-03
6.711910255507914924e-02
3.591886769272888387e+02
6.039839298280530784e+02
1.607945537392502331e+02
4.684002361553432081e+01
5.824114805716334331e+02
4.674349759306530672e+01
1.126432618992192403e+01
2.558283935294071796e+02
6.001880678559155058e+02
1.385158088090832421e-02
1.069765281015507519e+01
4.492225911996714558e+02
1.613209651350977083e+02
1.970175042157932523e+02
1.836139826038339251e+01
7.072097434386450914e+02
5.507864032347948441e-03
1.501716178007987423e+02
1.350953629644447460e+02
9.646972065106916716e+01
3.839248234997778013e+02
1.094450609140960609e+02
1.083990305519006192e+01
2.349754676651526495e+02
5.470894335378249929e-03
6.122549630421498250e+02
1.771567572023160508e+01
2.201146269832627667e+01
8.266375999802090746e+01
1.049145982035717267e-02
5.250850818114414551e+02
9.235783819480500867e-01
3.430468848454475506e+02
2.158897427725196962e+02
2.871652730368067452e+00
4.425501280958616945e+00
3.210564334110127049e+01
2.201146269832627667e+01
3.207536595680622327e+01
1.549163733582240177e+01
1.561582440860326670e+01
1.932437001340263144e-03
9.868211805813636772e+01
1.551026967526248024e+00
2.040943415134567705e-03
6.682894591414089973e+02
3.014027671816689136e+01
1.219477957404687771e+02
5.853411097863265695e+02
7.551472541855218878e+00
3.447676102798960529e-02
6.473544932720824363e+02
1.435584861446264995e+02
8.569904846665245657e+01
1.143684278700695103e+02
2.758663342364801565e+02
1.906981076647458430e-03
4.227704341547852351e+01
1.705369264466772465e-03
2.889767950327130075e-01
2.961323689372582635e+02
3.675583997115646895e+01
3.423321702175225028e+02
1.867711481322453879e-03
1.230366949274609295e-01
1.808234509219971697e-01
2.948559073708771621e+02
1.269662111175750674e+00
3.998743910764757175e+02
7.872892035690244938e+01
4.258869085046252394e+02
1.698985152528158585e-03
5.778888368569628196e-03
2.133246144625661866e+00
1.944070522120011191e+01
2.006470339911045342e-01
2.468480309906605479e-03
4.311228757614239271e+01
3.096664869311636092e+00
2.467959355796885048e-03
2.094860871640476887e+02
1.263106355386799939e-01
6.479195531265146428e+02
6.573912322042248206e+02
4.364559820315375305e+02
3.186657824904506242e+01
2.915952836225008582e+02
1.089347704820036000e+01
5.502831843035294241e+02
1.702920929215083756e+00
1.131603991647383083e+02
4.359935739439626445e+02
5.265311199200437642e+01
1.315336227412936587e+01
5.542288638840961994e+02
2.341980707649424573e+02
9.250551686980817578e+01
5.353028906251648678e-02
7.568308620364810890e-02
5.407249763442406447e+02
5.930170212985653677e+01
2.175394070227713694e+00
3.881771520037742675e+02
6.868412247841405360e+02
3.829485111576623240e+02
6.401515803272260428e+02
2.166791068806530234e+02
1.838603340691746268e+01
1.302770364749712001e-02
6.203061888804688806e+02
1.212685892655707676e+01
1.882329222867377624e-03
2.086994717767833019e-03
1.942924990302996677e-03
2.180328051101166741e-03
6.585533433434022754e+01
6.630396174384057986e+02
3.641922603926112778e+00
4.346972836581592787e+02
4.630212750320088162e+02
1.895571661446269047e+02
6.937607417865946218e+02
1.671548953799337411e+01
1.415278797216483042e+02
4.342666817892067144e+01
4.605576462891035021e+02
1.939103668006930117e-03
9.924098705230112216e+01
5.102526463539572319e+02
8.735772236343130714e+00
6.880414471157342859e+01
3.524789903385184289e+02
4.930794663701201230e+00
7.224863056129977394e+02
1.601929391659347246e+01
2.941303607501753845e+02
2.332549403851210124e-01
5.147499641111155597e+02
2.104776860501630063e-03
6.554190319052851299e-04
5.393252706721026607e-02
5.763528215555588758e+02
4.523168683428290251e+02
2.984152889854449882e+02
1.698702597800106143e-03
1.496279043611872908e+02
7.850812686624095149e-02
6.872283995108565477e+02
7.068488865001628874e+00
5.493232119360288834e+02
2.209619394093939704e+00
4.873629885545305296e-02
4.702508529198717646e+00
1.237388690667910914e-02
1.715857253429505782e-03
2.790595303979985715e+02
1.073020961701916463e+02
3.850457632699205845e+01
8.394373818312509172e+00
1.650052918468269354e+02
8.465861142766467617e-01
7.880159076621786607e-01
9.158001886939396741e+01
3.509372008960001921e+01
4.273791396731049872e+02
1.698702597800106143e-03
6.370832811292330256e+00
9.175206429341051262e+01
1.439559407010027883e+02
1.258127438944884702e+01
5.167088216978158499e+01
1.608317039049088626e+00
2.875501099182473013e+02
6.025512600647049339e+02
1.761957762033732990e+02
4.961880159820957759e-01
5.117168299084976297e+02
2.395261963223816437e+01
5.768823528440821136e+00
2.578260953478598346e-03
1.698702597800106143e-03
1.681783719942090158e+02
2.601103814795193614e+01
1.679005397301436053e+00
6.793554181726206025e+02
1.229464681317399721e+00
1.214798807412592510e+02
4.803480211501343433e+01
3.609104164688539385e+01
8.102112366913407016e+01
3.150238521130158915e+02
1.759090220623359254e-03
1.140872633805973396e-01
2.670354243946493966e+02
1.882433789795562046e-03
6.135370130227100560e+01
3.725204714212193267e+02
4.989857393049942402e+02
1.309234369654220173e-02
2.726824260031131075e+02
6.409837165162613815e+01
3.563072847560950436e+02
5.248247521021155437e-01
4.727573738542986348e+02
1.960291233421117241e+01
1.485066967526247339e+00
5.079634766144263835e+01
2.271804436538428007e+00
7.900031376178223708e-01
5.538174885904080524e-02
3.765434153564045389e-03
1.698702597800106143e-03
2.083997588089733100e+01
2.837593218000135664e+01
1.705369264466772465e-03
3.245444732026256247e+02
6.507755504259210966e+02
1.458152796640603821e-01
5.849354036556441088e+02
1.601613701102543308e+00
3.010492399151087906e+00
3.225998199005904326e+02
6.248314484347429421e+00
2.014042040279978210e+02
4.893742657846134136e+01
1.351741803143844400e+00
7.261859094541131299e+02
1.759090220623359254e-03
1.156146919597659206e+02
6.006455577014482827e+01
3.686872569998506037e+02
3.278063375751143553e+02
8.540195869326533060e-03
2.221495158359346789e+01
2.225759361432059526e-03
1.698702597800106143e-03
1.786558443285822477e+02
1.698598030871921721e-03
5.508922924384097343e-03
1.578979526491245400e+00
1.202332725323437472e+02
4.887763914158003331e+02
6.741386729578699999e+01
3.428563024426889427e+00
6.043204323185392690e-01
4.543553663306035273e-01
2.836290435440645297e+01
4.881228564601868811e+02
9.667401517483114048e+01
2.355324931882867706e-02
3.390057389407734831e+02
2.948379003949375132e-01
4.244588565389067725e+01
1.170117078329072342e+02
6.667965005466822959e+02
8.793625694426191686e+00
4.792954617568031747e-03
1.854086494172053987e-03
5.515572944819540496e-02
1.133070252066395112e+00
1.828059979724917810e+02
3.119390869088143958e+01
1.270319418951859944e+02
9.130525547634097450e+01
5.670124974867770788e+02
2.976937455298094619e+02
1.801160939312712941e-02
8.568274250343888010e-02
1.950989520712542290e-03
5.262635184696142637e-02
4.026206933052367276e+02
1.507893988424524948e-02
1.932437001340263144e-03
5.680624940889960044e+02
5.867596962032481045e+00
7.476614376812579899e+00
7.013240196204698123e+02
4.974368454868572940e+02
5.868138281705136023e+02
1.453424438701083545e+02
1.233930768291165805e+02
6.834082376456825614e+02
1.693344789867668396e+02
2.775921468568143258e-02
1.705369264466772465e-03
1.698702597800106143e-03
1.771528041578214925e+02
2.844880640402151357e+02
2.638735092604158012e+02
9.960165549290195486e+01
1.583959069353892135e-01
1.201662033018762799e+02
5.545477971900885983e+00
9.459919719832546314e-02
6.056660660317421474e+01
3.046750038412925505e+02
1.951047677941668973e-03
5.147640004628358383e+02
2.805143764873843537e+00
2.470951463116422692e-02
1.889767172969437183e+02
1.007014917040279300e+02
1.172166322645053498e+02
1.637114970136151157e+02
4.638136060711689197e+02
1.139840438711066639e+01
2.754229417290991933e+02
1.722695435911048142e-03
6.172205377845818575e+00
1.838739477958995616e+00
2.305241914053004493e+00
4.804344589659216354e+02
2.196464524710936561e-03
8.680609784536785867e+01
3.094224549936741009e-01
2.188017341274020282e+02
1.709190586762839026e-03
1.341653246032054980e+01
